description,units,price_eu,unit_price,date,order_num
Detergente ropa prendas delicadas Bosque Verde líquido,1,1.69,1.69,2020-10-12,7119732
Raclette queso Entremont lonchas,1,3.85,3.85,2020-10-12,7119732
Refresco Coca-Cola,1,6.96,6.96,2020-10-12,7119732
Queso blando blanco y azul Bergader petit blu,1,1.85,1.85,2020-10-12,7119732
Queso brie con trufa Castello,1,2.1,2.1,2020-10-12,7119732
Garrofón Hacendado ultracongelado,1,0.95,0.95,2020-10-12,7119732
Alubia cocida granja Hacendado,1,1.15,1.15,2020-10-12,7119732
Acelgas,1,1.8,1.8,2020-10-12,7119732
Espinacas en porciones Hacendado ultracongelada,1,1.19,1.19,2020-10-12,7119732
Toallitas faciales limpiadoras purificantes Deliplus pieles grasas,1,1.95,1.95,2020-10-12,7119732
Loción facial limpiadora Deliplus pieles grasas,1,3.95,3.95,2020-10-12,7119732
Spaghetti al huevo Hacendado,1,0.99,0.99,2020-10-12,7119732
Toallitas desmaquillantes Micelar & Oil Deliplus para todo tipo de pieles,1,1.35,1.35,2020-10-12,7119732
Discos desmaquillantes Deliplus redondos algodón 100%,1,0.95,0.95,2020-10-12,7119732
Pinzas de plástico Bosque Verde gigantes,1,1.25,1.25,2020-10-12,7119732
Encendedor cocina largo Clipper,1,2.57,2.57,2020-10-12,7119732
Bolsas zip congelación medianas Bosque Verde,1,1.1,1.1,2020-10-12,7119732
Garbanzo Hacendado,1,2.15,2.15,2020-10-12,7119732
Fondue savoyarde 3 quesos Entremont,2,6.7,3.35,2020-10-12,7119732
Zanahorias,1,0.69,0.69,2020-10-12,7119732
Patata para micro,1,1.2,1.2,2020-10-12,7119732
Jamón serrano Incarlopsa lonchas extrafinas,2,4.38,2.19,2020-10-12,7119732
Galletas Choco negro con chocolatina Hacendado,1,1.0,1.0,2020-10-12,7119732
11 Panecillos,1,1.0,1.0,2020-10-12,7119732
"Panecillo de ajo 1,2%",4,0.88,0.22,2020-10-12,7119732
Panecillo de trigo integral 30%,2,0.38,0.19,2020-10-12,7119732
Huevos grandes L,2,5.2,2.6,2020-10-12,7119732
Longaniza de Pascua Hacendado,1,3.0,3.0,2020-10-12,7119732
Crema de queso camembert Hacendado,1,1.35,1.35,2020-10-12,7119732
Zumo de melocotón y uva Hacendado,1,0.58,0.58,2020-10-12,7119732
Leche desnatada Pascual,5,26.7,5.34,2020-10-12,7119732
Toallitas bebé frescas & perfumadas Deliplus,1,0.95,0.95,2020-10-12,7119732
Patatas,1,4.79,4.79,2020-10-12,7119732
Fuet espetec extra Hacendado,4,8.2,2.05,2020-10-12,7119732
Café en cápsula sontuoso L'Or Espresso,4,13.6,3.4,2020-10-12,7119732
Longaniza magro fresca,1,2.6,2.6,2020-10-12,7119732
Filete de vacuno añojo para empanar,1,4.79,4.79,2020-10-12,7119732
Alas de pollo partidas,1,2.38,2.38,2020-10-12,7119732
Filetes pechuga de pollo corte fino,1,4.8,4.8,2020-10-12,7119732
Filetes pechuga de pollo corte fino,1,4.7,4.7,2020-10-12,7119732
Queso azul hojas,1,2.36,2.36,2020-10-12,7119732
Chuletas cordero de lechal congeladas,1,6.84,6.84,2020-10-12,7119732
Mantequilla sin sal añadida Hacendado,1,1.9,1.9,2024-11-03,358781
Bolsa de basura grande Bosque Verde 50L cubo grande,1,1.6,1.6,2024-11-03,358781
Bolsa de basura jardín Bosque Verde 100L cubo industrial,1,2.65,2.65,2024-11-03,358781
Bolsa de basura Bosque Verde 30L cubo mediano,1,1.7,1.7,2024-11-03,358781
Estropajo inox Bosque Verde,1,1.2,1.2,2024-11-03,358781
Lejía normal Tradicional Bosque Verde,1,0.8,0.8,2024-11-03,358781
Gamba pelada cruda tamaño mediano Hacendado ultracongelada,1,4.95,4.95,2024-11-03,358781
Caldo de pollo Avecrem en pastillas,2,5.9,2.95,2024-11-03,358781
Caldo de marisco o fideuá para paella Hacendado con sofrito,1,2.1,2.1,2024-11-03,358781
Caldo de pescado Hacendado,2,2.2,1.1,2024-11-03,358781
Caldo de pollo Hacendado,5,3.75,0.75,2024-11-03,358781
Preparado de paella y sopa Hacendado ultracongelado,2,7.9,3.95,2024-11-03,358781
Brócoli Hacendado ultracongelado,1,2.05,2.05,2024-11-03,358781
Habitas muy tiernas Hacendado ultracongeladas,2,5.6,2.8,2024-11-03,358781
Alcachofa troceada Hacendado ultracongelada,1,2.55,2.55,2024-11-03,358781
Guisante fino Hacendado ultracongelado,1,1.6,1.6,2024-11-03,358781
Ajo tierno Hacendado ultracongelado,2,3.94,1.97,2024-11-03,358781
Nuez natural Hacendado pelada,2,4.0,2.0,2024-11-03,358781
Galletas Digestive 0% azúcares añadidos Hacendado,3,4.35,1.45,2024-11-03,358781
Leche desnatada calcio Hacendado,2,11.28,5.64,2024-11-03,358781
Kiwis verdes,1,3.04,3.04,2024-11-03,358781
Manzanas Golden,1,2.58,2.58,2024-11-03,358781
Peras Conferencia,1,2.79,2.79,2024-11-03,358781
Alas de pollo,1,4.91,4.91,2024-11-03,358781
Champiñón pequeño,1,1.37,1.37,2024-11-03,358781
Champiñón pequeño,1,1.24,1.24,2024-11-03,358781
Champiñón pequeño,1,1.36,1.36,2024-11-03,358781
Filetes lomo de cerdo familiar,1,6.21,6.21,2024-11-03,358781
Brochetas de pollo,1,3.01,3.01,2024-11-03,358781
Brochetas de pollo,1,3.17,3.17,2024-11-03,358781
Brochetas de pollo,1,3.18,3.18,2024-11-03,358781
Mini empanadillas de atún Hacendado ultracongeladas,1,1.6,1.6,2021-12-16,10822769
Tacos de bacalao sin espinas Hacendado congelado,1,3.98,3.98,2021-12-16,10822769
Filetes de bacalao sin espinas Hacendado congelado,1,4.25,4.25,2021-12-16,10822769
Lomos y centros de merluza del cabo Hacendado ultracongelados,1,3.2,3.2,2021-12-16,10822769
Preparado de carne picada vacuno y cerdo,1,3.19,3.19,2021-12-16,10822769
Tomates cherry en rama Dulcita,1,2.39,2.39,2021-12-16,10822769
Yogur sabores Hacendado,1,1.8,1.8,2021-12-16,10822769
Yogur griego natural azucarado Hacendado,1,0.95,0.95,2021-12-16,10822769
Queso tierno bola Edam Holland Corona,1,2.9,2.9,2021-12-16,10822769
Papel higiénico Doble Rollo Bosque Verde,1,3.95,3.95,2021-12-16,10822769
Papel hogar Compacto Absorbente Bosque Verde,1,1.78,1.78,2021-12-16,10822769
Lavavajillas Ultra concentrado Bosque Verde,1,1.8,1.8,2021-12-16,10822769
Salchichas cocidas hot dog bocadillo Oscar Mayer Classic de pollo y cerdo sabor ahumado,1,1.49,1.49,2021-12-16,10822769
Jamón cocido extra Hacendado finas lonchas,1,2.89,2.89,2021-12-16,10822769
Jamón serrano Incarlopsa lonchas extrafinas,2,4.38,2.19,2021-12-16,10822769
Brócoli Hacendado ultracongelado,1,1.2,1.2,2021-12-16,10822769
Caramelos blandos rellenos Dolis,1,1.58,1.58,2021-09-07,9115773
Arroz redondo Hacendado,1,0.79,0.79,2021-09-07,9115773
Patatas fritas receta campesina Lay's,1,1.56,1.56,2021-09-07,9115773
Patatas fritas onduladas Hacendado sabor jamón serrano,1,0.9,0.9,2021-09-07,9115773
Patatas fritas extra crujientes Hacendado,1,1.35,1.35,2021-09-07,9115773
Pipas girasol tijuana Grefusa,2,2.9,1.45,2021-09-07,9115773
Palomitas de maíz con sal Hacendado para microondas,1,0.7,0.7,2021-09-07,9115773
Aceitunas manzanilla rellenas de anchoa Hacendado,1,2.15,2.15,2021-09-07,9115773
Vino tinto D.O Ribera del Duero Abadía Mantrús roble,1,3.15,3.15,2021-09-07,9115773
Vino tinto Merlot Mar de Uvas,1,2.4,2.4,2021-09-07,9115773
Queso Emmental Natual,1,2.15,2.15,2021-09-07,9115773
Endibias,1,1.42,1.42,2021-09-07,9115773
Queso bola Edam tierno Holland Corona,1,2.9,2.9,2021-09-07,9115773
Arándanos,2,5.58,2.79,2021-09-07,9115773
Cereales rellenos de leche Hacendado,1,1.89,1.89,2021-09-07,9115773
Zumo de melocotón y uva Hacendado,2,1.16,0.58,2021-09-07,9115773
Picos saladitos Hacendado,5,5.0,1.0,2021-09-07,9115773
Mozzarella di bufala campana Hacendado,1,1.7,1.7,2021-09-07,9115773
Perlas de mozzarella fresca Hacendado,2,3.4,1.7,2021-09-07,9115773
Ensalada mezcla brotes tiernos,2,1.98,0.99,2021-09-07,9115773
Pipas de girasol fritas Hacendado peladas,1,0.9,0.9,2021-09-07,9115773
Desodorante roll-on invisible black & white Nivea,1,1.85,1.85,2021-09-07,9115773
Dentífrico Triple Acción Colgate con flúor,3,4.2,1.4000000000000001,2021-09-07,9115773
Agua mineral con gas grande Vichy Catalan,1,1.18,1.18,2021-09-07,9115773
Pañales bebé talla 5 de 13-18 kg Deliplus,1,15.0,15.0,2021-09-07,9115773
Lomo de bacalao sin espinas Hacendado congelado,2,10.5,5.25,2021-09-07,9115773
Jamoncitos de pollo congelados,1,2.6,2.6,2021-09-07,9115773
Hélices con vegetales Hacendado,2,1.9,0.95,2021-09-07,9115773
Atún claro en aceite de oliva Hacendado,2,8.0,4.0,2021-09-07,9115773
Edamame soja verde Hacendado ultracongelada,1,1.6,1.6,2021-09-07,9115773
Galletas Chocominis sabor chocolate Hacendado,1,1.75,1.75,2021-09-07,9115773
Galletas caocream chocolate blanco Hacendado rellenas de crema,1,1.05,1.05,2021-09-07,9115773
Cereales de arroz inflado Choco Krispies Kellogg's con chocolate,1,2.99,2.99,2021-09-07,9115773
Loción corporal hydra & go Deliplus,1,3.6,3.6,2021-09-07,9115773
Crema protección solar rostro y labios Sun Med FPS 30,1,3.95,3.95,2021-09-07,9115773
Protector solar Seesee FPS 30,1,5.0,5.0,2021-09-07,9115773
Protector solar infantil Sun Med FPS 50+,1,5.8,5.8,2021-09-07,9115773
Toallitas desodorantes con aloe vera Deliplus,1,1.0,1.0,2021-09-07,9115773
Desodorante cuidado aloe Deliplus,1,1.2,1.2,2021-09-07,9115773
Desodorante cuidado aloe Deliplus,3,4.2,1.4000000000000001,2021-09-07,9115773
Desodorante stick hombre ice blue Williams,1,1.9,1.9,2021-09-07,9115773
Bandas de cera especial piernas Deliplus piel sensible,1,1.55,1.55,2021-09-07,9115773
Crema depilatoria Deliplus piel sensible,1,2.6,2.6,2021-09-07,9115773
Crema facial hidratante equilibrante Deliplus piel normal a grasa,1,2.5,2.5,2021-09-07,9115773
Champú Hidratación Intensa TRESemmé cabello seco o dañado,1,4.5,4.5,2021-09-07,9115773
Acondicionador Liso Keratina TRESemmé,1,4.65,4.65,2021-09-07,9115773
Chocolate con leche Nestlé,2,1.9,0.95,2021-09-07,9115773
Azúcar blanco,2,1.46,0.73,2021-09-07,9115773
Tomate triturado Hacendado,3,1.35,0.45,2021-09-07,9115773
Sardinas en aceite de oliva Hacendado,1,1.3,1.3,2021-09-07,9115773
Yogur líquido desnatado de fresa Hacendado 0% materia grasa 0% azúcares añadidos,1,1.16,1.16,2021-09-07,9115773
Toallitas bebé frescas & perfumadas Deliplus,1,0.95,0.95,2021-09-07,9115773
Toallitas desmaquillantes cara y ojos Deliplus piel normal-mixta,1,1.0,1.0,2021-09-07,9115773
Tomates cherry,1,1.49,1.49,2021-09-07,9115773
Patatas,1,4.19,4.19,2021-09-07,9115773
Yogur natural azucarado Danone,2,3.98,1.99,2021-09-07,9115773
Huevos grandes L,3,8.85,2.9499999999999997,2021-09-07,9115773
Fideos orientales Yatekomo de pollo Gallina Blanca,1,2.85,2.85,2021-09-07,9115773
Refresco Coca-Cola,1,7.92,7.92,2021-09-07,9115773
Preparado de carne picada vacuno y cerdo,1,5.19,5.19,2021-09-07,9115773
Berberecho al natural XS Hacendado,2,3.8,1.9,2021-09-07,9115773
Queso rallado Hacendado especial fundir,1,1.0,1.0,2021-09-07,9115773
Gel de baño oliva Deliplus piel seca,2,2.4,1.2,2021-09-07,9115773
Zumo pura naranja Hacendado,2,2.0,1.0,2021-09-07,9115773
Cebollas,2,2.38,1.19,2021-09-07,9115773
Zanahorias,1,0.69,0.69,2021-09-07,9115773
Ajos morados,1,1.45,1.45,2021-09-07,9115773
Pechuga de pavo al horno de leña Campofrío lonchas,4,6.2,1.55,2021-09-07,9115773
Mantequilla con sal Hacendado,2,3.3,1.65,2021-09-07,9115773
11 Panecillos,1,1.0,1.0,2021-09-07,9115773
Mejillones en escabeche Hacendado medianos,2,3.2,1.6,2021-09-07,9115773
Leche desnatada Pascual,4,19.2,4.8,2021-09-07,9115773
Longaniza de Pascua Hacendado,1,3.0,3.0,2021-09-07,9115773
Zumo de manzana Hacendado,2,1.18,0.59,2021-09-07,9115773
Yogur líquido desnatado natural Hacendado edulcorado,2,2.32,1.16,2021-09-07,9115773
Palitos de pan con pipas Anitin,3,3.57,1.19,2021-09-07,9115773
Aceitunas manzanilla rellenas de anchoa Hacendado reducidas en sal,1,1.8,1.8,2021-09-07,9115773
Papel higiénico Doble Rollo Bosque Verde,1,3.95,3.95,2021-09-07,9115773
Fuet espetec extra Hacendado,4,7.96,1.99,2021-09-07,9115773
Café en cápsula sontuoso L'Or Espresso,5,17.0,3.4,2021-09-07,9115773
Cerveza clásica Mahou,1,5.88,5.88,2021-09-07,9115773
Yogur sabores Hacendado,2,1.9,0.95,2021-09-07,9115773
Pasta tiburón Hacendado,2,0.96,0.48,2021-09-07,9115773
Peras conferencia,1,1.9,1.9,2021-09-07,9115773
Filetes pechuga de pollo corte fino,1,4.68,4.68,2021-09-07,9115773
Filetes pechuga de pollo corte fino,1,3.94,3.94,2021-09-07,9115773
Cuartos traseros familiar de pollo,1,4.59,4.59,2021-09-07,9115773
Cuartos traseros familiar de pollo,1,4.35,4.35,2021-09-07,9115773
Escalopines de salmón sin espinas,1,8.59,8.59,2021-09-07,9115773
Escalopines de salmón sin espinas,1,8.63,8.63,2021-09-07,9115773
Puerros,1,2.01,2.01,2021-09-07,9115773
Puerros,1,1.91,1.91,2021-09-07,9115773
Queso tierno Entrepinares lonchas,1,1.8,1.8,2021-09-07,9115773
Queso tierno Entrepinares lonchas,1,1.78,1.78,2021-09-07,9115773
Chuletas de cordero palo o riñonada congeladas,1,6.6,6.6,2021-09-07,9115773
Solomillo de pavo marinado congelado,1,2.56,2.56,2021-09-07,9115773
Solomillo de pavo marinado congelado,1,1.93,1.93,2021-09-07,9115773
Rodajas de atún congelado Hacendado,1,2.84,2.84,2021-09-07,9115773
Bífidus desnatado Hacendado frutas del bosque,1,0.95,0.95,2020-08-28,140937
Espárrago verde fino,1,2.15,2.15,2020-08-28,140937
Cebollas dulces,1,1.99,1.99,2020-08-28,140937
Nuez natural Hacendado,1,2.79,2.79,2020-08-28,140937
Macedonia de verduras Hacendado,1,0.75,0.75,2020-08-28,140937
Guisantes extra Hacendado,1,0.57,0.57,2020-08-28,140937
Pepino,1,0.47,0.47,2020-08-28,140937
Dentífrico original Binaca,1,1.5,1.5,2020-08-28,140937
Servilleta papel Bosque Verde,1,0.9,0.9,2020-08-28,140937
Patata,3,0.96,0.32,2020-08-28,140937
Kéfir natural sabor suave,2,2.8,1.4,2020-08-28,140937
Pizza masa fina 4 quesos Hacendado ultracongelada,1,2.29,2.29,2020-08-28,140937
Zanahoria rallada base para ensalada,1,0.75,0.75,2020-08-28,140937
Plátano,6,1.79,0.29833333333333334,2020-08-28,140937
Pimiento rojo,1,0.9,0.9,2020-08-28,140937
Tomate pera,10,1.78,0.178,2020-08-28,140937
Tomate ensalada,2,0.91,0.455,2020-08-28,140937
Garbanzo cocido Hacendado,1,0.7,0.7,2020-08-28,140937
Filetes de merluza del cabo sin piel Hacendado ultracongelados,1,3.85,3.85,2020-08-28,140937
Huevos de gallinas camperas,1,1.95,1.95,2020-08-28,140937
Atún claro en aceite de oliva Hacendado,1,3.99,3.99,2020-08-28,140937
Pechuga de pavo bajo en sal Hacendado,1,2.99,2.99,2020-08-28,140937
Barra pan de pueblo rebanada,1,1.15,1.15,2020-08-28,140937
Pechuga de pavo Hacendado finas lonchas,1,2.95,2.95,2020-08-28,140937
Zumo pura naranja Hacendado,2,2.0,1.0,2020-08-28,140937
Champiñón laminado limpio,1,1.6,1.6,2020-08-28,140937
Longaniza magro fresca,1,2.94,2.94,2020-08-28,140937
Cuartos traseros de pollo,1,2.66,2.66,2020-08-28,140937
Cuartos traseros de pollo,1,2.66,2.66,2020-08-28,140937
Lomo de cerdo adobado,1,3.17,3.17,2020-08-28,140937
Filetes pechuga de pollo corte fino,1,4.31,4.31,2020-08-28,140937
Pintalabios mate Deliplus 06,1,4.5,4.5,2020-08-28,140937
Loción corporal 10% urea pura Deliplus,1,1.95,1.95,2020-08-28,140937
Paraguayo,4,1.34,0.335,2020-08-28,140937
Pera ercolina,5,1.23,0.246,2020-08-28,140937
Patatas fritas receta churrería Hacendado,1,0.8,0.8,2020-08-28,140937
"Redondos frescos berenjena, tomate y mozzarella Bel Canto",2,3.96,1.98,2020-08-28,140937
Berenjena,3,1.67,0.5566666666666666,2020-08-28,140937
Altramuces Hacendado,1,1.1,1.1,2020-08-28,140937
Almendra natural Hacendado,1,2.5,2.5,2020-08-28,140937
Pizza reina Hacendado con crema de queso fresco,1,1.89,1.89,2020-08-28,140937
Manzana golden,2,0.67,0.335,2020-08-28,140937
Galletas Digestive Hacendado,1,1.1,1.1,2020-08-28,140937
Bicarbonato sódico Hacendado,1,1.19,1.19,2020-08-28,140937
Vinagre de vino blanco Hacendado,1,0.49,0.49,2020-08-28,140937
Horchata fresca Hacendado,1,1.9,1.9,2020-08-28,140937
Leche semidesnatada Hacendado,3,1.74,0.58,2020-08-28,140937
Leche evaporada Hacendado,2,1.7,0.85,2020-08-28,140937
Caldo de pollo Hacendado bajo en sal,2,2.1,1.05,2020-08-28,140937
Mascarilla facial de barro Mar Muerto Montagne Jeunesse,1,1.5,1.5,2021-08-05,8403972
Mascarilla facial peeling de alga negra Montagne Jeunesse,1,1.5,1.5,2021-08-05,8403972
Burger de vacuno y cerdo,2,6.7,3.35,2021-08-05,8403972
Té estilo Inglés Hacendado,1,1.3,1.3,2021-08-05,8403972
Cacao soluble Cola cao original,1,11.5,11.5,2021-08-05,8403972
Golosinas Pulpis Mix Hacendado con pica pica,1,1.0,1.0,2021-08-05,8403972
Patatas fritas sabor salsa vinagreta Lay's,1,1.56,1.56,2021-08-05,8403972
Picos saladitos Hacendado,2,2.0,1.0,2021-08-05,8403972
Vino blanco albariño D.O Rías Baixas Pazo de Orantes,2,7.1,3.55,2021-08-05,8403972
Vino tinto D.O Ribera del Duero Abadía Mantrús roble,2,6.3,3.15,2021-08-05,8403972
Mini taquitos de jamón Incarlopsa,2,4.3,2.15,2021-08-05,8403972
Papel multiusos resistente Bosque Verde,1,2.7,2.7,2021-08-05,8403972
Esponja facial desmaquillante Deliplus vegetal,1,1.15,1.15,2021-08-05,8403972
Discos desmaquillantes Deliplus redondos algodón 100%,2,1.9,0.95,2021-08-05,8403972
Galletas Relieve Hacendado,1,0.9,0.9,2021-08-05,8403972
Barritas chocolate con leche Nestlé con galleta rellena de caramelo y cereales,1,0.85,0.85,2021-08-05,8403972
Cereales de trigo inflado Hacendado con miel,1,1.3,1.3,2021-08-05,8403972
Tubitos bañados chocolate negro Hacendado,2,3.4,1.7,2021-08-05,8403972
Barquillos rellenos de chocolate Hacendado,2,1.4,0.7,2021-08-05,8403972
Desodorante invisible black & white Nivea Men,2,3.0,1.5,2021-08-05,8403972
Desodorante cuidado aloe Deliplus,2,2.8,1.4,2021-08-05,8403972
Mini tartaletas Confiletas,2,3.3,1.65,2021-08-05,8403972
Dentífrico triple acción Colgate con flúor,2,2.8,1.4,2021-08-05,8403972
Acondicionador Hidratación Intensa TRESemmé cabello seco o dañado,1,4.5,4.5,2021-08-05,8403972
Champú Hidratación Intensa TRESemmé cabello seco o dañado,1,4.5,4.5,2021-08-05,8403972
Pan de molde blanco sin corteza Hacendado,2,2.0,1.0,2021-08-05,8403972
Ajos morados,1,1.45,1.45,2021-08-05,8403972
Cebollas,1,1.6,1.6,2021-08-05,8403972
Yogur líquido desnatado natural Hacendado edulcorado,2,2.32,1.16,2021-08-05,8403972
Berlina glacé,1,1.2,1.2,2021-08-05,8403972
Berberecho al natural XS Hacendado,3,5.7,1.9000000000000001,2021-08-05,8403972
Zumo pura naranja Hacendado,2,2.0,1.0,2021-08-05,8403972
Zumo de manzana Hacendado,2,1.18,0.59,2021-08-05,8403972
Gelatina + proteínas Hacendado sabor a frutos silvestres,2,2.0,1.0,2021-08-05,8403972
Quitagrasas Bosque Verde perfume Marsella,1,1.3,1.3,2021-08-05,8403972
Estropajo suciedad resistente Bosque Verde,1,0.9,0.9,2021-08-05,8403972
Estropajo suciedad resistente Bosque Verde,1,0.65,0.65,2021-08-05,8403972
Pan rallado Hacendado,2,1.2,0.6,2021-08-05,8403972
Azúcar moreno de caña Acor,1,1.7,1.7,2021-08-05,8403972
Picos reventaos Hacendado,1,0.6,0.6,2021-08-05,8403972
Picos Hacendado,1,0.45,0.45,2021-08-05,8403972
Batido de chocolate Hacendado,2,2.1,1.05,2021-08-05,8403972
Pizza 4 quesos familiar Hacendado,1,2.99,2.99,2021-08-05,8403972
Pizza jamón y queso familiar Hacendado,1,2.99,2.99,2021-08-05,8403972
Snack perro corazones Compy,1,1.29,1.29,2021-08-05,8403972
Snack perro barritas Compy con ternera y cordero,1,1.2,1.2,2021-08-05,8403972
Mini aritos perro adulto Compy,2,7.9,3.95,2021-08-05,8403972
Peeling para labios Color Care Deliplus 07 albaricoque,1,4.0,4.0,2021-08-05,8403972
Pincel mofeta Deliplus,1,6.0,6.0,2021-08-05,8403972
Bandas de cera facial Deliplus piel sensible,4,4.4,1.1,2021-08-05,8403972
Mascarilla facial peeling de guayaba rosa Montagne Jeunesse,1,1.5,1.5,2021-08-05,8403972
Mascarilla facial de barro con aceite de argán Montagne Jeunesse,1,1.5,1.5,2021-08-05,8403972
Lavavajillas ultra concentrado Bosque Verde,1,1.8,1.8,2021-08-05,8403972
Galletas Dinosaurus con cereales,2,3.1,1.55,2021-08-05,8403972
Aceite de oliva virgen extra Hacendado,1,9.5,9.5,2021-08-05,8403972
Queso rallado Hacendado especial fundir,1,1.0,1.0,2021-08-05,8403972
Tomate triturado Hacendado,2,1.4,0.7,2021-08-05,8403972
Bolsa de basura grande Bosque Verde 50L cubo grande,1,1.4,1.4,2021-08-05,8403972
Spaghetti Hacendado,1,0.73,0.73,2021-08-05,8403972
Leche condensada entera Nutricia,1,1.3,1.3,2021-08-05,8403972
Nata ligera para cocinar Hacendado,1,1.32,1.32,2021-08-05,8403972
Queso roquefort Cantorel,2,2.9,1.45,2021-08-05,8403972
Fideos orientales Yatekomo de pollo Gallina Blanca,1,2.85,2.85,2021-08-05,8403972
Gel de baño oliva Deliplus piel seca,2,2.4,1.2,2021-08-05,8403972
Acelgas,1,1.8,1.8,2021-08-05,8403972
Pechuga de pavo al horno de leña Campofrío lonchas,3,4.65,1.55,2021-08-05,8403972
Palitos de pan con queso Anitin,1,1.19,1.19,2021-08-05,8403972
Palitos de pan con pipas Anitin,1,1.19,1.19,2021-08-05,8403972
Tacos de bacalao sin espinas Hacendado congelado,1,3.98,3.98,2021-08-05,8403972
Aceitunas manzanilla rellenas de anchoa Hacendado reducidas en sal,1,1.8,1.8,2021-08-05,8403972
11 Panecillos,1,1.0,1.0,2021-08-05,8403972
Zanahorias,1,0.69,0.69,2021-08-05,8403972
Mantequilla con sal Hacendado,2,3.3,1.65,2021-08-05,8403972
Queso azul Hacendado,2,3.5,1.75,2021-08-05,8403972
Huevos grandes L,1,2.6,2.6,2021-08-05,8403972
Leche evaporada Hacendado,2,1.7,0.85,2021-08-05,8403972
Papel higiénico doble rollo Bosque Verde,1,3.82,3.82,2021-08-05,8403972
Jamón serrano Incarlopsa lonchas extrafinas,3,6.57,2.19,2021-08-05,8403972
Zumo de melocotón y uva Hacendado,2,1.16,0.58,2021-08-05,8403972
Galletas mini Chips Ahoy,1,1.45,1.45,2021-08-05,8403972
Panecillo de trigo integral 30%,2,0.36,0.18,2021-08-05,8403972
Café en cápsula sontuoso L'Or Espresso,5,17.0,3.4,2021-08-05,8403972
Longaniza de Pascua Hacendado,1,3.0,3.0,2021-08-05,8403972
Cerveza clásica Mahou,1,5.88,5.88,2021-08-05,8403972
Patatas,1,4.99,4.99,2021-08-05,8403972
Toallitas bebé frescas & perfumadas Deliplus,1,0.95,0.95,2021-08-05,8403972
Yogur sabores Hacendado,3,2.85,0.9500000000000001,2021-08-05,8403972
Mejillones en escabeche Hacendado medianos,2,3.2,1.6,2021-08-05,8403972
Aceitunas negras Hacendado sin hueso,2,1.6,0.8,2021-08-05,8403972
Fuet espetec extra Hacendado,4,7.96,1.99,2021-08-05,8403972
Leche desnatada Pascual,4,19.2,4.8,2021-08-05,8403972
Filetes pechuga de pollo corte fino,1,4.46,4.46,2021-08-05,8403972
Filetes pechuga de pollo corte fino,1,4.07,4.07,2021-08-05,8403972
Alas de pollo partidas,1,2.71,2.71,2021-08-05,8403972
Cuartos traseros familiar de pollo,1,4.14,4.14,2021-08-05,8403972
Solomillo de cerdo,1,2.95,2.95,2021-08-05,8403972
Solomillo de cerdo,1,3.87,3.87,2021-08-05,8403972
Filete de salmón,1,8.42,8.42,2021-08-05,8403972
Queso tierno Entrepinares lonchas,1,2.15,2.15,2021-08-05,8403972
Queso tierno Entrepinares lonchas,1,1.85,1.85,2021-08-05,8403972
Chuletas de cordero palo o riñonada congeladas,1,6.39,6.39,2021-08-05,8403972
Chuletas de cordero palo o riñonada congeladas,1,6.95,6.95,2021-08-05,8403972
Solomillo de pavo marinado congelado,1,1.99,1.99,2021-08-05,8403972
Solomillo de pavo marinado congelado,1,2.07,2.07,2021-08-05,8403972
Tomate frito Hida,1,1.18,1.18,2021-02-18,22016
Salsa fresca de setas Hacendado,1,1.2,1.2,2021-02-18,22016
Mozzarella fresca Hacendado,1,0.8,0.8,2021-02-18,22016
Pan de molde blanco Hacendado,1,0.59,0.59,2021-02-18,22016
"4 Panes chapata de cristal masa madre, sin aditivos y con aceite de oliva",1,1.0,1.0,2021-02-18,22016
Nachos Hacendado,1,0.85,0.85,2021-02-18,22016
Aceitunas rellenas de jalapeño Hacendado,1,1.25,1.25,2021-02-18,22016
Queso havarti Hacendado lonchas,1,2.5,2.5,2021-02-18,22016
Bacón ahumado Monells lonchas,1,1.89,1.89,2021-02-18,22016
Tomates Anhel,1,2.49,2.49,2021-02-18,22016
Aguacate,1,1.41,1.41,2021-02-18,22016
Naranjas,1,3.27,3.27,2021-02-18,22016
Queso de cabra Hacendado rulo,1,1.9,1.9,2021-02-18,22016
Aceite de oliva virgen Hacendado,1,2.9,2.9,2021-02-18,22016
Bolsa de basura mini Bosque Verde 10L cubo pequeño,1,1.1,1.1,2021-02-18,22016
Papel higiénico doble rollo Bosque Verde,1,3.82,3.82,2021-02-18,22016
Papel higiénico húmedo WC Bosque Verde,1,1.5,1.5,2021-02-18,22016
Huevos grandes L,1,0.95,0.95,2021-02-18,22016
"Pan con semillas 4,5% rebanado",1,1.5,1.5,2021-02-18,22016
Leche evaporada Hacendado,1,0.85,0.85,2021-02-18,22016
Pistacho tostado Hacendado 0% sal añadida,1,1.8,1.8,2021-02-18,22016
Fideo cabello de ángel Hacendado,1,0.6,0.6,2021-02-18,22016
Atún claro en aceite de oliva Hacendado,1,3.9,3.9,2021-02-18,22016
Garbanzo cocido Hacendado,1,0.54,0.54,2021-02-18,22016
Regañá Hacendado,1,0.68,0.68,2021-02-18,22016
Protegeslip ultrafino Deliplus Fresh,1,1.2,1.2,2021-02-18,22016
Queso Edam Holland corona lonchas,1,1.6,1.6,2021-02-18,22016
Pechuga de pavo Hacendado finas lonchas,1,1.79,1.79,2021-02-18,22016
Bífidus desnatado con frutas del bosque Hacendado 0% m.g. 0% sin azúcares añadidos,1,0.95,0.95,2021-02-18,22016
Jamón serrano reserva cortado a cuchillo,1,3.17,3.17,2021-02-18,22016
Pechugas de pollo enteras,1,3.11,3.11,2021-02-18,22016
Rodajas de rape del cabo sin piel Mascato congeladas,1,5.69,5.69,2021-02-18,22016
Kiwi verde,4,1.23,0.3075,2021-02-18,22016
Kéfir natural sabor suave,1,1.25,1.25,2021-02-18,22016
Lechuga iceberg base para ensalada,1,0.87,0.87,2021-02-18,22016
Café en cápsula sontuoso L'Or Espresso,1,3.4,3.4,2021-02-18,22016
Arándanos,1,2.99,2.99,2021-02-18,22016
Coliflor,1,2.54,2.54,2021-02-18,22016
Garbanzo pedrosillano Hacendado,1,1.99,1.99,2021-02-18,22016
Huevos de gallinas camperas,1,1.95,1.95,2021-02-18,22016
Burger de pollo rural gruesas,1,3.0,3.0,2021-02-18,22016
Pan de hamburguesa Hacendado sin sésamo,1,0.85,0.85,2021-02-18,22016
Bechamel Hacendado,1,1.55,1.55,2021-02-18,22016
Placas para canelones Del Castillo,1,0.58,0.58,2021-02-18,22016
Preparado de carne picada vacuno,1,3.09,3.09,2021-02-18,22016
Rúcula base para ensalada,1,1.0,1.0,2021-02-18,22016
Cebollas dulces,1,1.99,1.99,2021-02-18,22016
Zanahorias,1,0.53,0.53,2021-02-18,22016
Almeja del pacífico Hacendado congelada,1,1.8,1.8,2021-02-18,22016
Crema corporal con aceite de oliva Deliplus,1,1.25,1.25,2020-10-09,6519926
Disuelve manchas Bosque Verde,1,2.0,2.0,2020-10-09,6519926
Bayeta multiusos suave en rollo Bosque Verde,2,2.0,1.0,2020-10-09,6519926
Aceite de oliva virgen extra Hacendado,1,9.5,9.5,2020-10-09,6519926
Recambios maquinilla depilación Gillette Venus,1,9.85,9.85,2020-10-09,6519926
Salsa de trufas,2,5.9,2.95,2020-10-09,6519926
Zumo de melocotón y uva Hacendado,2,1.16,0.58,2020-10-09,6519926
Galletas Choco negro con chocolatina Hacendado,1,1.0,1.0,2020-10-09,6519926
Galletas mini Chips Ahoy,1,1.45,1.45,2020-10-09,6519926
Galletas Dinosaurus con cereales,1,1.7,1.7,2020-10-09,6519926
Desatascador turbo Bosque Verde en gel,2,3.2,1.6,2020-10-09,6519926
Desatascador goma Zeppilin,1,1.2,1.2,2020-10-09,6519926
Mascarilla cabello encrespado Pantene liso & sedoso,1,4.25,4.25,2020-10-09,6519926
Snack perro tiras sabor bacon Compy,1,1.89,1.89,2020-10-09,6519926
Snack perro corazones Compy,1,1.29,1.29,2020-10-09,6519926
"Comida perro adulto Compy con cordero, ternera, verduras y arroz",1,4.95,4.95,2020-10-09,6519926
11 Panecillos,1,1.0,1.0,2020-10-09,6519926
Bolsas para residuos caninos Kordis Doggy bags,1,1.3,1.3,2020-10-09,6519926
Puerros,1,1.51,1.51,2022-03-25,11614628
Puerros,1,1.34,1.34,2022-03-25,11614628
Puerros,1,1.79,1.79,2022-03-25,11614628
Puerros,1,1.3,1.3,2022-03-25,11614628
Queso azul hojas de vaca,1,2.6,2.6,2022-03-25,11614628
Queso viejo tostado mezcla Hacendado,1,4.49,4.49,2022-03-25,11614628
Queso viejo tostado mezcla Hacendado,1,3.9,3.9,2022-03-25,11614628
Refresco Coca-Cola,1,6.96,6.96,2020-10-20,6858326
Café en cápsula sontuoso L'Or Espresso,3,10.2,3.4,2020-10-20,6858326
Filetes de merluza del cabo sin piel Hacendado ultracongelados,1,3.85,3.85,2020-10-20,6858326
Longaniza de Pascua Hacendado,1,3.0,3.0,2020-10-20,6858326
Crema de queso camembert Hacendado,1,1.35,1.35,2020-10-20,6858326
Cerveza clásica Mahou,1,6.72,6.72,2020-10-20,6858326
Vino tinto D.O. Utiel-Requena Bobal Viñedo antiguo Torre Oria,1,2.9,2.9,2020-10-20,6858326
Patatas,1,4.79,4.79,2020-10-20,6858326
Toallitas bebé frescas & perfumadas Deliplus,1,0.95,0.95,2020-10-20,6858326
Yogur sabores Hacendado,2,2.1,1.05,2020-10-20,6858326
Mejillones en escabeche Hacendado medianos,2,3.0,1.5,2020-10-20,6858326
Concha fina al natural Marinara,2,3.0,1.5,2020-10-20,6858326
Aceitunas negras Hacendado sin hueso,2,1.7,0.85,2020-10-20,6858326
Desodorante roll-on invisible black & white Nivea,1,1.85,1.85,2020-10-20,6858326
Judía verde plana,1,2.49,2.49,2020-10-20,6858326
Fuet espetec extra Hacendado,4,8.2,2.05,2020-10-20,6858326
Dentífrico triple acción Colgate con flúor,2,3.5,1.75,2020-10-20,6858326
Leche desnatada Pascual,3,16.02,5.34,2020-10-20,6858326
Filetes pechuga de pollo corte fino,1,3.92,3.92,2020-10-20,6858326
Cadera de vacuno añojo,1,4.64,4.64,2020-10-20,6858326
Alas de pollo partidas,1,2.79,2.79,2020-10-20,6858326
Filete de vacuno añojo para empanar,1,5.53,5.53,2020-10-20,6858326
Presa de cerdo ibérico,1,5.04,5.04,2020-10-20,6858326
Pechugas de pollo finas hierbas marinadas,1,4.02,4.02,2020-10-20,6858326
Lomo de cerdo ibérico adobado,1,5.32,5.32,2020-10-20,6858326
Costillas de cerdo carnosas a tacos,1,3.35,3.35,2020-10-20,6858326
Costillas de cerdo carnosas a tacos,1,3.24,3.24,2020-10-20,6858326
Aguacates,1,2.39,2.39,2020-10-20,6858326
Aguacates,1,2.16,2.16,2020-10-20,6858326
Puerros,1,1.69,1.69,2020-10-20,6858326
Azúcar moreno de caña Acor,1,1.65,1.65,2022-02-22,11422261
Bolsa de basura grande Bosque Verde 50L cubo grande,1,1.75,1.75,2022-02-22,11422261
Pan de molde 12 cereales y semillas Hacendado,1,1.5,1.5,2022-02-22,11422261
Chupete silicona anatómico +18 meses Deliplus,1,1.95,1.95,2022-02-22,11422261
Vino tinto D.O Valdepeñas Pata Negra reserva,2,5.0,2.5,2022-02-22,11422261
Vino tinto D.O Ribera del Duero Abadía Mantrús crianza,2,7.9,3.95,2022-02-22,11422261
Dentífrico Repair & Protect Sensodyne con flúor,1,4.05,4.05,2022-02-22,11422261
Dentífrico Blanqueador Bicarbonato Signal,1,1.37,1.37,2022-02-22,11422261
Queso blando Petit Blu blanco y azul Bergader,1,1.85,1.85,2022-02-22,11422261
Pescadilla de merluza del cabo sin cabeza Mascato ultracongelada,1,3.95,3.95,2022-02-22,11422261
Lenguado entero Hacendado ultracongelado,1,6.1,6.1,2022-02-22,11422261
Anguriñas de surimi Pescanova ultracongeladas,1,3.85,3.85,2022-02-22,11422261
Filetes de merluza del cabo sin piel Hacendado ultracongelados,1,3.85,3.85,2022-02-22,11422261
Espinacas en porciones Hacendado ultracongelada,1,1.2,1.2,2022-02-22,11422261
Guisante fino Hacendado ultracongelado,1,1.2,1.2,2022-02-22,11422261
Bayeta suave multiusos Bosque Verde,1,1.15,1.15,2022-02-22,11422261
Cerveza clásica Mahou,1,6.24,6.24,2022-02-22,11422261
Refresco Coca-Cola,1,8.4,8.4,2022-02-22,11422261
Papel hogar Compacto Absorbente Bosque Verde,1,1.9,1.9,2022-02-22,11422261
Pañales bebé talla 5 de 13-18 kg Deliplus,1,15.0,15.0,2022-02-22,11422261
Trottole vegetales Hacendado,1,0.95,0.95,2022-02-22,11422261
Pasta tiburón Hacendado,1,0.65,0.65,2022-02-22,11422261
Arroz cocido basmati Sabroz,2,2.1,1.05,2022-02-22,11422261
Queso Havarti Hacendado lonchas,1,2.6,2.6,2022-02-22,11422261
Mini aritos perro adulto Compy,1,4.0,4.0,2022-02-22,11422261
Tortitas de maíz Hacendado,1,1.05,1.05,2022-02-22,11422261
Bebida láctea de fresa y plátano Hacendado,2,2.4,1.2,2022-02-22,11422261
Galletas María dorada Hacendado,1,1.0,1.0,2022-02-22,11422261
Galletas Chocominis sabor chocolate Hacendado,2,3.5,1.75,2022-02-22,11422261
Alubia cocida granja Hacendado,1,1.3,1.3,2022-02-22,11422261
Fuet espetec extra Hacendado,5,9.95,1.9899999999999998,2022-02-22,11422261
Lomo de bacalao sin espinas Hacendado congelado,2,11.9,5.95,2022-02-22,11422261
Alas de pollo congeladas,1,3.0,3.0,2022-02-22,11422261
Regañá Hacendado,2,1.5,0.75,2022-02-22,11422261
Cereales Choco Flakes Cuétara,1,2.6,2.6,2022-02-22,11422261
Palitos de pan con pipas Anitin,3,3.9,1.3,2022-02-22,11422261
Toallitas desmaquillantes cara y ojos Deliplus piel normal-mixta,1,1.15,1.15,2022-02-22,11422261
Queso fresco de cabra Hacendado,1,2.2,2.2,2022-02-22,11422261
Queso Hacendado en porciones,1,1.65,1.65,2022-02-22,11422261
Perlas de Mozzarella fresca de vaca Hacendado,1,1.75,1.75,2022-02-22,11422261
Tomates cherry en rama Dulcita,1,2.69,2.69,2022-02-22,11422261
Ensalada mezcla brotes tiernos,1,0.99,0.99,2022-02-22,11422261
Nuez natural Hacendado pelada,1,2.9,2.9,2022-02-22,11422261
Almendra natural Hacendado sin piel,1,2.2,2.2,2022-02-22,11422261
Detergente Lavado a Mano Bosque Verde líquido,1,2.1,2.1,2022-02-22,11422261
Queso azul de vaca Hacendado,1,1.75,1.75,2022-02-22,11422261
Servilleta papel Bosque Verde,1,0.95,0.95,2022-02-22,11422261
Nata ligera para cocinar Hacendado,1,1.4,1.4,2022-02-22,11422261
"Aceite de girasol refinado 0,2o Hacendado",1,7.7,7.7,2022-02-22,11422261
Film Transparente Bosque Verde,1,1.05,1.05,2022-02-22,11422261
Harina de trigo Hacendado,1,0.5,0.5,2022-02-22,11422261
Filetes lomo al ajillo,1,3.49,3.49,2022-02-22,11422261
Costillas de cerdo carnosas a tacos,1,4.46,4.46,2022-02-22,11422261
Costillas de cerdo carnosas a tacos,1,4.1,4.1,2022-02-22,11422261
Solomillo de cerdo,1,2.71,2.71,2022-02-22,11422261
Solomillo de cerdo,1,2.64,2.64,2022-02-22,11422261
Escalopines de salmón sin espinas,1,9.56,9.56,2022-02-22,11422261
Escalopines de salmón sin espinas,1,9.11,9.11,2022-02-22,11422261
Puerros,1,1.42,1.42,2022-02-22,11422261
Puerros,1,1.0,1.0,2022-02-22,11422261
Puerros,1,1.68,1.68,2022-02-22,11422261
Puerros,1,1.64,1.64,2022-02-22,11422261
Tomates kumato,1,1.77,1.77,2022-02-22,11422261
Yogur natural azucarado Nutricia,1,1.4,1.4,2020-06-18,5857032
Bífidus desnatado Hacendado frutas del bosque,1,0.95,0.95,2020-06-18,5857032
Porciones de bacalao sin espinas y sin piel Hacendado congelado,1,5.98,5.98,2020-06-18,5857032
Filetes de bacalao sin espinas Hacendado congelado,2,8.5,4.25,2020-06-18,5857032
Filetes de merluza del cabo sin piel Hacendado ultracongelados,1,3.85,3.85,2020-06-18,5857032
Tronquitos de surimi Pescanova ultracongelados,1,3.85,3.85,2020-06-18,5857032
Bolsa de basura cubo alto Bosque Verde 30L cubo mediano,1,1.85,1.85,2020-06-18,5857032
Papel vegetal Bosque Verde,1,1.3,1.3,2020-06-18,5857032
Lavavajillas clásico Bosque Verde en pastillas,1,3.15,3.15,2020-06-18,5857032
Lavavajillas aloe Bosque Verde concentrado,1,1.55,1.55,2020-06-18,5857032
Limpiador baños Bosque Verde en gel,1,1.3,1.3,2020-06-18,5857032
Detergente ropa jabón natural de Marsella Bosque Verde líquido,1,4.2,4.2,2020-06-18,5857032
Dentífrico triple acción Colgate con flúor,2,3.5,1.75,2020-06-18,5857032
Desodorante roll-on dry impact Nivea Men,1,1.95,1.95,2020-06-18,5857032
Desodorante roll-on invisible black & white Nivea,1,1.85,1.85,2020-06-18,5857032
Mascarilla sin aclarado Bucle Perfect Deliplus cabello rizado,1,4.05,4.05,2020-06-18,5857032
Tomate triturado Hacendado,2,1.52,0.76,2020-06-18,5857032
Remolacha agridulce Hacendado en rodajas,1,0.95,0.95,2020-06-18,5857032
Maíz dulce Hacendado,2,2.38,1.19,2020-06-18,5857032
Mejillones en escabeche Hacendado medianos,2,3.0,1.5,2020-06-18,5857032
Concha fina al natural Marinara,2,3.0,1.5,2020-06-18,5857032
Berberechos al natural M Hacendado,2,5.8,2.9,2020-06-18,5857032
Atún claro en aceite de oliva Hacendado,1,3.35,3.35,2020-06-18,5857032
Atún claro en aceite de oliva Hacendado,2,7.98,3.99,2020-06-18,5857032
Crema de queso camembert Hacendado,1,1.35,1.35,2020-06-18,5857032
Queso untar blanco pasteurizado Philadelphia,1,2.1,2.1,2020-06-18,5857032
Pañales bebé talla 4 de 9-15 kg Deliplus,1,15.0,15.0,2020-06-18,5857032
Queso Gouda viejo Hacendado,1,3.0,3.0,2020-06-18,5857032
Toallitas bebé frescas & perfumadas Deliplus,1,0.95,0.95,2020-06-18,5857032
Longaniza de Pascua Hacendado,1,3.0,3.0,2020-06-18,5857032
Fuet espetec extra Hacendado,3,6.15,2.0500000000000003,2020-06-18,5857032
Cereales de trigo inflado con miel Hacendado,1,1.35,1.35,2020-06-18,5857032
Cuartos traseros de pollo congelados,1,3.9,3.9,2020-06-18,5857032
Pizza reina Hacendado con crema de queso fresco,1,1.89,1.89,2020-06-30,911112
Pizza mozzarella y pesto Hacendado ultracongelada,1,2.0,2.0,2020-06-30,911112
Macedonia de verduras Hacendado,1,0.75,0.75,2020-06-30,911112
Yogur sabor coco Hacendado,1,0.53,0.53,2020-06-30,911112
Yogur cremoso con frutas del bosque Hacendado 0% materia grasa 0% sin azúcares añadidos,1,1.0,1.0,2020-06-30,911112
Zumo pura naranja Hacendado,2,2.0,1.0,2020-06-30,911112
Bebida de avena Alitey,1,6.9,6.9,2020-06-30,911112
Leche semidesnatada Hacendado,1,3.48,3.48,2020-06-30,911112
Patata,6,2.56,0.4266666666666667,2020-06-30,911112
Huevos grandes L,1,1.45,1.45,2020-06-30,911112
Calabaza cacahuete cortada a trozos,1,1.62,1.62,2020-06-30,911112
Calabaza cacahuete cortada a trozos,1,1.83,1.83,2020-06-30,911112
Filetes pechuga de pollo corte fino,1,5.1,5.1,2020-06-30,911112
Ketchup Hacendado,1,1.1,1.1,2022-12-12,13266605
Mayonesa Hacendado,1,1.5,1.5,2022-12-12,13266605
Nata ligera para cocinar Hacendado,1,1.75,1.75,2022-12-12,13266605
Detergente ropa jabón natural de Marsella Bosque Verde líquido,1,3.7,3.7,2022-12-12,13266605
Paté de foie de pato con cebolla caramelizada Hacendado,1,2.3,2.3,2022-12-12,13266605
Pasta tiburón Hacendado,1,0.8,0.8,2022-12-12,13266605
Cereales copos de maíz Corn Flakes Hacendado 0% azúcares añadidos,1,1.4,1.4,2022-12-12,13266605
Preparado de carne picada vacuno,1,3.74,3.74,2022-12-12,13266605
Pechuga de pavo Hacendado finas lonchas,2,6.3,3.15,2022-12-12,13266605
Tortitas de maíz con chocolate Hacendado,2,2.8,1.4,2022-12-12,13266605
Cerveza clásica Mahou,2,9.6,4.8,2022-12-12,13266605
Refresco Coca-Cola Zero azúcar,1,8.64,8.64,2022-12-12,13266605
Cacao soluble 0% azúcares añadidos ColaCao,1,3.79,3.79,2022-12-12,13266605
Queso Havarti Hacendado lonchas,1,2.95,2.95,2022-12-12,13266605
Pan de molde blanco sin corteza Hacendado,1,1.25,1.25,2022-12-12,13266605
Limones,1,1.99,1.99,2022-12-12,13266605
Papel hogar Compacto Absorbente Bosque Verde,1,2.45,2.45,2022-12-12,13266605
Queso Provolone Zanetti en loncha,1,2.55,2.55,2022-12-12,13266605
Atún claro en aceite de oliva Hacendado,1,4.8,4.8,2022-12-12,13266605
Acelgas,1,2.35,2.35,2022-12-12,13266605
Gel de baño avena Deliplus piel sensible,1,1.2,1.2,2022-12-12,13266605
Gel de baño oliva Deliplus piel seca,1,1.2,1.2,2022-12-12,13266605
Barritas de barquillo Huesitos bañadas de chocolate con leche,1,2.0,2.0,2022-12-12,13266605
Toallitas desmaquillantes cara y ojos Deliplus piel normal-mixta,1,1.15,1.15,2022-12-12,13266605
Champú Volumen Deliplus cabello fino y sin volumen,1,1.7,1.7,2022-12-12,13266605
Trigo snack sabor ahumado Hacendado,1,0.75,0.75,2022-12-12,13266605
Patatas fritas onduladas Hacendado sabor jamón serrano,1,1.3,1.3,2022-12-12,13266605
Banderillas gildas Hacendado pinchos de anchoa,2,5.0,2.5,2022-12-12,13266605
Desodorante roll-on hombre invisible Deliplus antimanchas,1,0.75,0.75,2022-12-12,13266605
Desodorante cuidado aloe Deliplus,2,2.8,1.4,2022-12-12,13266605
Magdalenas Hacendado,1,1.95,1.95,2022-12-12,13266605
Galletas Chocominis sabor chocolate Hacendado,1,2.05,2.05,2022-12-12,13266605
Arroz redondo Hacendado,1,1.35,1.35,2022-12-12,13266605
Crema facial Dragon's Blood Anti Ox Deliplus,1,5.0,5.0,2022-12-12,13266605
Salchichas cocidas hot dog bocadillo Oscar Mayer Classic de pollo y cerdo sabor ahumado,1,1.59,1.59,2022-12-12,13266605
Pan hot dog Hacendado,1,0.9,0.9,2022-12-12,13266605
Nuggets de pollo Hacendado ultracongelados,1,2.7,2.7,2022-12-12,13266605
Barquillos rellenos de chocolate Hacendado,1,2.05,2.05,2022-12-12,13266605
Cereales de arroz inflado Choco Krispies Kellogg's con chocolate,1,3.0,3.0,2022-12-12,13266605
Chocolate con leche extrafino Nestlé,1,1.0,1.0,2022-12-12,13266605
Caramelos blandos Hacendado,1,1.2,1.2,2022-12-12,13266605
Jamón serrano Incarlopsa lonchas extrafinas,1,2.28,2.28,2022-12-12,13266605
Fideos orientales Yatekomo sabor pollo Gallina Blanca,1,3.45,3.45,2022-12-12,13266605
Queso Roquefort de oveja Hacendado,1,1.65,1.65,2022-12-12,13266605
Empanadillas de atún Hacendado ultracongeladas,1,1.8,1.8,2022-12-12,13266605
Tomate frito Hacendado,1,1.1,1.1,2022-12-12,13266605
Guisante fino Hacendado ultracongelado,1,1.45,1.45,2022-12-12,13266605
Garbanzo pedrosillano Hacendado,1,2.0,2.0,2022-12-12,13266605
Toallitas bebé frescas & perfumadas Deliplus,1,1.05,1.05,2022-12-12,13266605
Ajo granulado Hacendado,1,0.85,0.85,2022-12-12,13266605
Galletas Cookies Hacendado,2,1.7,0.85,2022-12-12,13266605
Cereales rellenos de leche Hacendado,1,2.35,2.35,2022-12-12,13266605
Zumo de melocotón y uva Hacendado,2,3.2,1.6,2022-12-12,13266605
Zumo de melocotón y uva Hacendado,1,1.2,1.2,2022-12-12,13266605
Bebida láctea natural azucarada Hacendado,2,4.4,2.2,2022-12-12,13266605
Agua mineral con gas grande Aguadoy,4,1.24,0.31,2022-12-12,13266605
Queso tierno bola Edam Holland Corona,1,4.1,4.1,2022-12-12,13266605
Alas de pollo congeladas,1,3.75,3.75,2022-12-12,13266605
Lenteja pardina Hacendado,1,1.6,1.6,2022-12-12,13266605
Azúcar blanco,1,1.35,1.35,2022-12-12,13266605
Queso de cabra Hacendado rulo,1,2.35,2.35,2022-12-12,13266605
Queso azul de vaca Hacendado,1,2.3,2.3,2022-12-12,13266605
Gallos sin cabeza Hacendado ultracongelado,2,12.5,6.25,2022-12-12,13266605
Cebollas,1,1.55,1.55,2022-12-12,13266605
Yogur sabores Hacendado,1,2.35,2.35,2022-12-12,13266605
Tomate triturado Hacendado,2,1.9,0.95,2022-12-12,13266605
Chocolate puro Valor con almendras enteras,1,2.85,2.85,2022-12-12,13266605
Mantequilla con sal Hacendado,1,2.15,2.15,2022-12-12,13266605
Palitos de pan con pipas Anitin,2,2.8,1.4,2022-12-12,13266605
Bolsa de basura grande Bosque Verde 50L cubo grande,1,1.65,1.65,2022-12-12,13266605
Dentífrico Blanqueador Bicarbonato Signal,2,3.5,1.75,2022-12-12,13266605
Tortitas de maíz Hacendado,1,1.1,1.1,2022-12-12,13266605
Bebida láctea de fresa y plátano Hacendado,1,1.35,1.35,2022-12-12,13266605
Fuet espetec extra Hacendado,6,12.3,2.0500000000000003,2022-12-12,13266605
Lomo de bacalao sin espinas Hacendado congelado,2,12.7,6.35,2022-12-12,13266605
Huevos grandes L,1,4.25,4.25,2022-12-12,13266605
Zanahorias,1,0.85,0.85,2022-12-12,13266605
Queso rallado mozzarella pizza-Roma Hacendado,1,1.65,1.65,2022-12-12,13266605
Yogur griego natural azucarado Hacendado,1,1.5,1.5,2022-12-12,13266605
Papel higiénico Doble Rollo Bosque Verde,2,10.0,5.0,2022-12-12,13266605
Leche desnatada Pascual,5,35.7,7.140000000000001,2022-12-12,13266605
11 Panecillos,2,2.3,1.15,2022-12-12,13266605
Patatas,1,5.49,5.49,2022-12-12,13266605
Puerros,1,2.08,2.08,2022-12-12,13266605
Puerros,1,1.67,1.67,2022-12-12,13266605
Filetes lomo de cerdo extra tiernos,1,3.75,3.75,2022-12-12,13266605
Filetes pechuga de pollo corte fino,1,4.84,4.84,2022-12-12,13266605
Filetes pechuga de pollo corte fino,1,4.29,4.29,2022-12-12,13266605
Escalopines de salmón sin espinas,1,8.85,8.85,2022-12-12,13266605
Piña natural a rodajas,1,3.24,3.24,2022-12-12,13266605
Solomillo de pavo marinado congelado,1,3.52,3.52,2022-12-12,13266605
Aguacates,1,2.45,2.45,2022-12-12,13266605
Cuartos traseros familiar de pollo,1,5.45,5.45,2022-12-12,13266605
Salmón ahumado Hacendado,1,2.99,2.99,2022-12-12,13266605
Queso viejo tostado mezcla Hacendado,1,5.06,5.06,2022-12-12,13266605
Galletas Cookies Hacendado,1,0.75,0.75,2022-07-10,12804912
Galletas Dinosaurus con cereales,1,2.85,2.85,2022-07-10,12804912
Cereales rellenos de leche Hacendado,1,2.35,2.35,2022-07-10,12804912
Zumo de melocotón y uva Hacendado,2,2.6,1.3,2022-07-10,12804912
Zumo de melocotón y uva Hacendado,1,0.9,0.9,2022-07-10,12804912
Bebida láctea natural azucarada Hacendado,1,2.2,2.2,2022-07-10,12804912
Piña en su jugo Hacendado rodajas,1,1.8,1.8,2022-07-10,12804912
Agua mineral con gas grande Aguadoy,2,0.62,0.31,2022-07-10,12804912
Toallitas bebé frescas & perfumadas Deliplus,1,1.05,1.05,2022-07-10,12804912
Quitagrasas Bosque Verde perfume Marsella,1,1.3,1.3,2022-07-10,12804912
Toallitas lavadora Bosque Verde acción 2 en 1,1,1.95,1.95,2022-07-10,12804912
Bayeta suave multiusos Bosque Verde,1,1.2,1.2,2022-07-10,12804912
Estropajo suciedad resistente Bosque Verde,1,0.85,0.85,2022-07-10,12804912
Friegasuelos Spa Bosque Verde líquido,1,0.95,0.95,2022-07-10,12804912
Bolsas Congelación medianas Bosque Verde,1,0.8,0.8,2022-07-10,12804912
Espinacas en porciones Hacendado ultracongelada,1,1.25,1.25,2022-07-10,12804912
Guisante fino Hacendado ultracongelado,1,1.45,1.45,2022-07-10,12804912
Cacao soluble 0% azúcares añadidos ColaCao,1,3.79,3.79,2022-07-10,12804912
Queso tierno bola Edam Holland Corona,1,4.0,4.0,2022-07-10,12804912
Salchichas cocidas hot dog bocadillo Oscar Mayer Classic de pollo y cerdo sabor ahumado,1,1.59,1.59,2022-07-10,12804912
Alas de pollo congeladas,1,3.6,3.6,2022-07-10,12804912
Lenteja pardina Hacendado,1,1.6,1.6,2022-07-10,12804912
"Aceite de girasol refinado 0,2o Hacendado",1,11.75,11.75,2022-07-10,12804912
Aceite de oliva virgen extra Hacendado,1,12.7,12.7,2022-07-10,12804912
Pasta estrellas Hacendado,1,0.78,0.78,2022-07-10,12804912
Azúcar blanco,1,1.35,1.35,2022-07-10,12804912
Ajos morados,1,1.45,1.45,2022-07-10,12804912
Queso de cabra Hacendado rulo,1,2.0,2.0,2022-07-10,12804912
Queso azul de vaca Hacendado,1,2.2,2.2,2022-07-10,12804912
Spaghetti Hacendado,1,1.2,1.2,2022-07-10,12804912
Gallos sin cabeza Hacendado ultracongelado,2,12.5,6.25,2022-07-10,12804912
Barritas de barquillo Huesitos bañadas de chocolate con leche,1,2.0,2.0,2022-07-10,12804912
Toallitas desmaquillantes cara y ojos Deliplus piel normal-mixta,1,1.15,1.15,2022-07-10,12804912
Tampones super Tampax Pearl con aplicador,1,3.5,3.5,2022-07-10,12804912
Champú Volumen Deliplus cabello fino y sin volumen,1,1.7,1.7,2022-07-10,12804912
Mascarilla Liss Frizz Control Deliplus cabello rebelde,1,2.0,2.0,2022-07-10,12804912
Trigo snack sabor ahumado Hacendado,1,0.75,0.75,2022-07-10,12804912
Patatas fritas onduladas Hacendado sabor jamón serrano,1,1.2,1.2,2022-07-10,12804912
Banderillas gildas Hacendado pinchos de anchoa,1,2.25,2.25,2022-07-10,12804912
Aceitunas manzanilla rellenas de anchoa Hacendado,1,2.25,2.25,2022-07-10,12804912
Máscara de pestañas Water Resistant Deliplus negro,1,4.0,4.0,2022-07-10,12804912
Rizador de pestañas Deliplus,1,4.5,4.5,2022-07-10,12804912
Máscara de pestañas y cejas Transparente Deliplus,1,3.0,3.0,2022-07-10,12804912
Maquinilla de afeitar recargable Precision System 6 Deliplus 6 hojas,1,5.7,5.7,2022-07-10,12804912
Desodorante roll-on hombre invisible Deliplus antimanchas,1,0.75,0.75,2022-07-10,12804912
Desodorante cuidado aloe Deliplus,1,1.4,1.4,2022-07-10,12804912
Tortitas de maíz con chocolate Hacendado,1,1.4,1.4,2022-07-10,12804912
Magdalenas Hacendado,1,1.95,1.95,2022-07-10,12804912
Galletas Chocominis sabor chocolate Hacendado,1,2.05,2.05,2022-07-10,12804912
Cebollas,1,1.35,1.35,2022-07-10,12804912
Queso viejo tostado mezcla Hacendado,1,4.9,4.9,2022-07-10,12804912
Escalopines de salmón sin espinas,1,9.33,9.33,2022-07-10,12804912
Filetes pechuga de pollo corte fino,1,4.58,4.58,2022-07-10,12804912
Filetes pechuga de pollo corte fino,1,5.05,5.05,2022-07-10,12804912
Cuartos traseros familiar de pollo,1,5.51,5.51,2022-07-10,12804912
Puerros,1,1.97,1.97,2022-07-10,12804912
Puerros,1,1.81,1.81,2022-07-10,12804912
Puerros,1,1.26,1.26,2022-07-10,12804912
Puerros,1,1.27,1.27,2022-07-10,12804912
Nuez natural Hacendado,1,2.79,2.79,2020-09-18,238052
Pepino,1,0.39,0.39,2020-09-18,238052
Kéfir natural sabor suave,2,2.8,1.4,2020-09-18,238052
Melocotón amarillo,4,2.17,0.5425,2020-09-18,238052
Plátano,6,1.8,0.3,2020-09-18,238052
Tomate pera,10,1.93,0.193,2020-09-18,238052
Garbanzo cocido Hacendado,1,0.7,0.7,2020-09-18,238052
Filetes de merluza del cabo sin piel Hacendado ultracongelados,1,3.85,3.85,2020-09-18,238052
Huevos de gallinas camperas,1,1.95,1.95,2020-09-18,238052
Barra pan de pueblo rebanada,1,1.15,1.15,2020-09-18,238052
Pechuga de pavo Hacendado finas lonchas,1,2.95,2.95,2020-09-18,238052
Zumo pura naranja Hacendado,2,2.0,1.0,2020-09-18,238052
Champiñón laminado limpio,1,1.76,1.76,2020-09-18,238052
Cuartos traseros de pollo,1,3.01,3.01,2020-09-18,238052
Filetes pechuga de pollo corte fino,1,4.63,4.63,2020-09-18,238052
Salmón ahumado Ubago,1,2.84,2.84,2020-09-18,238052
Bolsa de basura extra Bosque Verde 30L cubo mediano,1,1.35,1.35,2020-09-18,238052
Ajo granulado Hacendado,1,0.67,0.67,2020-09-18,238052
Caldo de pollo Hacendado bajo en sal,1,1.05,1.05,2020-09-18,238052
Desmaquillador de ojos y labios bifásico Deliplus todo tipo de pieles,1,2.15,2.15,2020-09-18,238052
Paté de cerdo con pimienta Hacendado,1,0.9,0.9,2020-09-18,238052
Almendra natural Hacendado,1,2.5,2.5,2020-09-18,238052
Altramuces Hacendado,1,1.1,1.1,2020-09-18,238052
Papel higiénico húmedo WC Bosque Verde,1,1.5,1.5,2020-09-18,238052
Pan tostado cereales y semillas Hacendado,1,1.99,1.99,2020-09-18,238052
Pan redondo 5 semillas,1,1.45,1.45,2020-09-18,238052
Pan rallado con ajo y perejil Hacendado,1,0.8,0.8,2020-09-18,238052
Arándanos,1,3.19,3.19,2020-09-18,238052
Patatas fritas receta churrería Hacendado,1,0.8,0.8,2020-09-18,238052
"Redondos frescos berenjena, tomate y mozzarella Bel Canto",1,1.98,1.98,2020-09-18,238052
Galletas Digestive Hacendado,1,1.1,1.1,2020-09-18,238052
Leche semidesnatada Hacendado,3,1.74,0.58,2020-09-18,238052
Leche evaporada Hacendado,1,0.85,0.85,2020-09-18,238052
Bífidus desnatado Hacendado frutas del bosque,1,0.95,0.95,2020-09-18,238052
Espinacas en porciones Hacendado ultracongelada,1,1.19,1.19,2021-09-02,7475015
Fideos orientales Yatekomo de pollo Gallina Blanca,1,2.85,2.85,2021-09-02,7475015
Lavavajillas classic Finish en pastillas,1,2.95,2.95,2021-09-02,7475015
Alcachofa,6,3.45,0.5750000000000001,2021-09-02,7475015
Lavavajillas ultra concentrado Bosque Verde,1,1.8,1.8,2021-09-02,7475015
Gel de baño avena Deliplus piel sensible,1,1.25,1.25,2021-09-02,7475015
Gel de baño oliva Deliplus piel seca,1,1.25,1.25,2021-09-02,7475015
Papel hogar compacto absorbente Bosque Verde,1,1.78,1.78,2021-09-02,7475015
Mini aritos perro adulto Compy,1,3.95,3.95,2021-09-02,7475015
Detergente ropa jabón natural de Marsella Bosque Verde líquido,1,3.2,3.2,2021-09-02,7475015
Harina de trigo Hacendado,1,0.43,0.43,2021-09-02,7475015
Azúcar blanco,1,1.48,1.48,2021-09-02,7475015
Preparado de carne picada cerdo,1,2.49,2.49,2021-09-02,7475015
Preparado de carne picada vacuno,1,3.09,3.09,2021-09-02,7475015
Gamba pelada cruda tamaño mediano Hacendado ultracongelada,1,4.5,4.5,2021-09-02,7475015
Pechuga de pavo al horno de leña Campofrío lonchas,4,6.2,1.55,2021-09-02,7475015
Bandas de cera especial cara y pequeñas zonas Deliplus piel sensible,1,1.2,1.2,2021-09-02,7475015
Galletas saladas salpicks Galbusera,1,1.5,1.5,2021-09-02,7475015
Cerveza clásica Mahou,1,5.88,5.88,2021-09-02,7475015
Patatas,1,4.79,4.79,2021-09-02,7475015
Toallitas bebé frescas & perfumadas Deliplus,1,0.95,0.95,2021-09-02,7475015
Yogur sabores Hacendado,2,2.0,1.0,2021-09-02,7475015
Mejillones en escabeche Hacendado medianos,2,3.0,1.5,2021-09-02,7475015
Aceitunas negras Hacendado sin hueso,2,1.6,0.8,2021-09-02,7475015
Judía verde plana,1,2.25,2.25,2021-09-02,7475015
Fuet espetec extra Hacendado,4,8.2,2.05,2021-09-02,7475015
Leche desnatada Pascual,4,19.2,4.8,2021-09-02,7475015
Puerros,1,1.64,1.64,2021-09-02,7475015
Pechugas de pollo finas hierbas marinadas,1,3.53,3.53,2021-09-02,7475015
Cadera de vacuno añojo,1,5.0,5.0,2021-09-02,7475015
Filetes pechuga de pollo corte fino,1,3.92,3.92,2021-09-02,7475015
Cuartos traseros familiar de pollo,1,4.21,4.21,2021-09-02,7475015
Queso tierno Entrepinares lonchas,1,1.9,1.9,2021-09-02,7475015
Solomillo de pavo marinado congelado,1,1.96,1.96,2021-09-02,7475015
Solomillo de pavo marinado congelado,1,1.99,1.99,2021-09-02,7475015
Dentífrico Triple Acción Colgate con flúor,2,2.8,1.4,2021-11-11,10404138
Mini empanadillas de atún Hacendado ultracongeladas,1,1.6,1.6,2021-11-11,10404138
Masa fresca Hacendado hojaldre con mantequilla,1,2.38,2.38,2021-11-11,10404138
Masa fresca quebrada brisa Hacendado,1,2.38,2.38,2021-11-11,10404138
Queso bola Edam tierno Holland Corona,1,2.9,2.9,2021-11-11,10404138
Queso rallado emmental gratinar Hacendado,1,1.15,1.15,2021-11-11,10404138
Queso rallado 4 quesos Hacendado,1,1.59,1.59,2021-11-11,10404138
Jabón líquido bebé ultra suave Nenuco,1,2.45,2.45,2021-11-11,10404138
Bolsa de basura grande Bosque Verde 50L cubo grande,2,2.8,1.4,2021-11-11,10404138
Spaghetti Hacendado,1,0.9,0.9,2021-11-11,10404138
Macarrón Hacendado,1,0.9,0.9,2021-11-11,10404138
Renovador suelos Bosque Verde,1,2.5,2.5,2021-11-11,10404138
Guisante fino Hacendado ultracongelado,1,1.1,1.1,2021-11-11,10404138
Mini aritos perro adulto Compy,1,3.95,3.95,2021-11-11,10404138
Snack perro barritas Compy con salmón y pollo,1,1.2,1.2,2021-11-11,10404138
Snack perro corazones Compy,1,1.29,1.29,2021-11-11,10404138
Fideos orientales Yatekomo de pollo Gallina Blanca,1,2.85,2.85,2021-11-11,10404138
Aceitunas manzanilla rellenas de anchoa Hacendado reducidas en sal,1,1.8,1.8,2021-11-11,10404138
11 Panecillos,1,1.0,1.0,2021-11-11,10404138
Refresco Coca-Cola,1,8.76,8.76,2021-11-11,10404138
Zumo pura naranja Hacendado,2,2.0,1.0,2021-11-11,10404138
Cebollas,2,2.38,1.19,2021-11-11,10404138
Zumo de manzana Hacendado,2,1.18,0.59,2021-11-11,10404138
Leche desnatada Pascual,4,22.56,5.64,2021-11-11,10404138
Zanahorias,1,0.65,0.65,2021-11-11,10404138
Papel higiénico Doble Rollo Bosque Verde,1,3.95,3.95,2021-11-11,10404138
Cerveza clásica Mahou,1,5.88,5.88,2021-11-11,10404138
Fuet espetec extra Hacendado,4,7.96,1.99,2021-11-11,10404138
Toallitas bebé frescas & perfumadas Deliplus,1,0.95,0.95,2021-11-11,10404138
Café en cápsula sontuoso L'Or Espresso,5,18.75,3.75,2021-11-11,10404138
Huevos grandes L,2,5.9,2.95,2021-11-11,10404138
Alas de pollo,1,2.88,2.88,2021-11-11,10404138
Filetes pechuga de pollo corte fino,1,5.63,5.63,2021-11-11,10404138
Filetes pechuga de pollo corte fino,1,5.36,5.36,2021-11-11,10404138
Solomillo de cerdo,1,3.74,3.74,2021-11-11,10404138
Solomillo de cerdo,1,2.7,2.7,2021-11-11,10404138
Pollo entero cuartos horno,1,4.95,4.95,2021-11-11,10404138
Medallones solomillo de pavo,1,3.52,3.52,2021-11-11,10404138
Medallones preparado de solomillo cerdo provenzal,1,3.45,3.45,2021-11-11,10404138
Puerros,1,1.35,1.35,2021-11-11,10404138
Chuletas cordero de lechal congeladas,1,9.4,9.4,2021-11-11,10404138
Solomillo de pavo marinado congelado,1,2.4,2.4,2021-11-11,10404138
Solomillo de pavo marinado congelado,1,2.26,2.26,2021-11-11,10404138
Bebida de avena Alitey,1,6.9,6.9,2020-11-07,959862
Horchata de chufa Hacendado,2,2.0,1.0,2020-11-07,959862
Sal fina Hacendado,1,0.23,0.23,2020-11-07,959862
Sardinillas en aceite de oliva Hacendado,1,1.25,1.25,2020-11-07,959862
Mejillones al natural Hacendado pequeños,1,1.0,1.0,2020-11-07,959862
Pañuelos de papel extra suaves Bosque Verde,1,0.8,0.8,2020-11-07,959862
Papel higiénico doble rollo Bosque Verde,1,3.82,3.82,2020-11-07,959862
Desodorante stick hombre ice blue Williams,2,4.0,2.0,2020-11-07,959862
Papel hogar compacto absorbente Bosque Verde,1,1.78,1.78,2020-11-07,959862
Palitos de pan con pipas Anitin,1,1.19,1.19,2020-11-07,959862
Corazones de alcachofa Hacendado,1,2.3,2.3,2020-11-07,959862
Garbanzo cocido Hacendado,1,0.7,0.7,2020-11-07,959862
Arroz redondo Hacendado,1,0.79,0.79,2020-11-07,959862
Filetes de merluza del cabo sin piel Hacendado ultracongelados,1,3.85,3.85,2020-11-07,959862
Huevos de gallinas camperas,1,1.95,1.95,2020-11-07,959862
Preparado de carne picada vacuno y cerdo,1,5.3,5.3,2020-11-07,959862
Pan de molde 12 cereales y semillas Hacendado,1,1.5,1.5,2020-11-07,959862
Copos de avena Brüggen,1,0.77,0.77,2020-11-07,959862
Tomate frito Hida,2,2.36,1.18,2020-11-07,959862
Aceitunas manzanilla rellenas de anchoa Hacendado reducidas en sal,1,1.8,1.8,2020-11-07,959862
Atún claro en aceite de oliva Hacendado,1,3.99,3.99,2020-11-07,959862
Ketchup Heinz,1,2.45,2.45,2020-11-07,959862
Yogur sabores Hacendado 0% materia grasa 0% sin azúcares añadidos,1,1.65,1.65,2020-11-07,959862
Queso fresco Burgo de Arias,1,2.19,2.19,2020-11-07,959862
Queso Gouda tierno Holland,1,2.6,2.6,2020-11-07,959862
Pechuga de pavo bajo en sal Hacendado,1,2.99,2.99,2020-11-07,959862
Mermelada frambuesas Hero light con stevia,1,1.95,1.95,2020-11-07,959862
Mantequilla sin sal añadida Hacendado,1,1.65,1.65,2020-11-07,959862
Barra pan de pueblo rebanada,2,2.3,1.15,2020-11-07,959862
Lomo de pavo Hacendado lonchas,1,1.89,1.89,2020-11-07,959862
Pechuga de pavo Hacendado finas lonchas,1,2.95,2.95,2020-11-07,959862
Zumo pura naranja Hacendado,2,2.0,1.0,2020-11-07,959862
Leche entera Pascual,1,5.64,5.64,2021-12-16,10822769
Leche desnatada Pascual,4,22.56,5.64,2021-12-16,10822769
Mantequilla con sal Hacendado,1,1.65,1.65,2021-12-16,10822769
Café en cápsula Colombia L'Or Espresso,1,3.75,3.75,2021-12-16,10822769
Café en cápsula sontuoso L'Or Espresso,1,3.75,3.75,2021-12-16,10822769
Café en cápsula Colombia Hacendado,1,3.45,3.45,2021-12-16,10822769
Crema al cacao y leche con avellanas Nocilla,1,2.99,2.99,2021-12-16,10822769
Mascarillas quirúrgicas no reutilizables Deliplus,2,2.0,1.0,2021-12-16,10822769
Zumo de piña y uva Hacendado,2,1.16,0.58,2021-12-16,10822769
Zumo de naranja recién exprimido Hacendado,1,3.59,3.59,2021-12-16,10822769
Gelatina + proteínas sabor a frutos silvestres Hacendado 0% m.g 6 g proteínas,1,1.05,1.05,2021-12-16,10822769
Queso Edam Holland Corona lonchas,1,1.6,1.6,2021-12-16,10822769
Fuet espetec extra Hacendado,4,7.96,1.99,2021-12-16,10822769
6 Panecillos integrales 100%,1,0.8,0.8,2021-12-16,10822769
11 Panecillos,1,1.0,1.0,2021-12-16,10822769
Ajos morados,1,1.45,1.45,2021-12-16,10822769
Patatas,2,9.58,4.79,2021-12-16,10822769
Cebolla caramelizada Hacendado,1,1.4,1.4,2021-12-16,10822769
Cebollas nuevas,1,1.7,1.7,2021-12-16,10822769
Cacao soluble ColaCao original,1,14.95,14.95,2021-12-16,10822769
"Aceite de girasol refinado 0,2o Hacendado",1,6.95,6.95,2021-12-16,10822769
Aceite de oliva virgen extra Hacendado,1,11.0,11.0,2021-12-16,10822769
Queso azul hojas de vaca,1,2.51,2.51,2021-12-16,10822769
Queso semicurado mezcla Entrepinares lonchas,1,1.86,1.86,2021-12-16,10822769
Queso viejo tostado mezcla Hacendado,1,4.23,4.23,2021-12-16,10822769
Rodaja de emperador Hacendado ultracongelado,1,3.62,3.62,2021-12-16,10822769
Pasta estrellas Hacendado,1,0.7,0.7,2022-02-22,11422261
Pan de molde blanco sin corteza Hacendado,1,1.0,1.0,2022-02-22,11422261
Huevos grandes L,2,5.9,2.95,2022-02-22,11422261
Garbanzo cocido Hacendado,1,0.8,0.8,2022-02-22,11422261
Zanahorias,2,1.3,0.65,2022-02-22,11422261
Azúcar blanco,2,3.2,1.6,2022-02-22,11422261
Atún claro en aceite de oliva Hacendado,1,4.3,4.3,2022-02-22,11422261
Queso rallado mozzarella pizza-Roma Hacendado,2,2.6,1.3,2022-02-22,11422261
Preparado de carne picada vacuno y cerdo,2,6.74,3.37,2022-02-22,11422261
Yogur sabores Hacendado,1,1.85,1.85,2022-02-22,11422261
Yogur griego natural azucarado Hacendado,1,1.05,1.05,2022-02-22,11422261
Queso tierno bola Edam Holland Corona,1,2.9,2.9,2022-02-22,11422261
Papel higiénico Doble Rollo Bosque Verde,1,4.3,4.3,2022-02-22,11422261
Salchichas cocidas hot dog bocadillo Oscar Mayer Classic de pollo y cerdo sabor ahumado,2,3.1,1.55,2022-02-22,11422261
Brócoli Hacendado ultracongelado,1,1.5,1.5,2022-02-22,11422261
Leche desnatada Pascual,5,29.7,5.9399999999999995,2022-02-22,11422261
Mantequilla con sal Hacendado,2,3.9,1.95,2022-02-22,11422261
Mascarillas quirúrgicas no reutilizables Deliplus,2,2.0,1.0,2022-02-22,11422261
Zumo de piña y uva Hacendado,2,1.4,0.7,2022-02-22,11422261
Zumo de naranja recién exprimido Hacendado,1,3.59,3.59,2022-02-22,11422261
Gelatina + proteínas sabor a frutos silvestres Hacendado 0% m.g 6 g proteínas,1,1.05,1.05,2022-02-22,11422261
11 Panecillos,1,1.0,1.0,2022-02-22,11422261
Ajos morados,1,1.45,1.45,2022-02-22,11422261
Patatas,2,9.58,4.79,2022-02-22,11422261
Cebollas nuevas,2,3.4,1.7,2022-02-22,11422261
Queso azul hojas de vaca,1,2.93,2.93,2022-02-22,11422261
Queso viejo tostado mezcla Hacendado,1,4.34,4.34,2022-02-22,11422261
Filetes pechuga de pollo corte fino,1,5.01,5.01,2022-02-22,11422261
Cuartos traseros familiar de pollo,1,4.35,4.35,2022-02-22,11422261
Yogur sabores Hacendado,1,2.15,2.15,2022-07-10,12804912
Tomate triturado Hacendado,2,2.0,1.0,2022-07-10,12804912
Pizza masa fina 4 quesos Hacendado ultracongelada,1,2.25,2.25,2022-07-10,12804912
Chocolate puro Valor con almendras enteras,1,2.85,2.85,2022-07-10,12804912
Galletas Choco Flakes Cuétara,1,2.85,2.85,2022-07-10,12804912
Mini aritos perro adulto y sénior Compy,1,4.0,4.0,2022-07-10,12804912
Mantequilla con sal Hacendado,1,1.95,1.95,2022-07-10,12804912
Palitos de pan con pipas Anitin,2,2.7,1.35,2022-07-10,12804912
Perlas de Mozzarella fresca de vaca Hacendado,1,1.9,1.9,2022-07-10,12804912
Bolsa de basura grande Bosque Verde 50L cubo grande,1,1.65,1.65,2022-07-10,12804912
Pan de molde 12 cereales y semillas Hacendado,1,1.8,1.8,2022-07-10,12804912
Dentífrico Blanqueador Bicarbonato Signal,2,3.5,1.75,2022-07-10,12804912
Trottole vegetales Hacendado,1,1.0,1.0,2022-07-10,12804912
Tortitas de maíz Hacendado,1,1.1,1.1,2022-07-10,12804912
Bebida láctea de fresa y plátano Hacendado,1,1.35,1.35,2022-07-10,12804912
Fuet espetec extra Hacendado,6,12.3,2.0500000000000003,2022-07-10,12804912
Lomo de bacalao sin espinas Hacendado congelado,2,11.9,5.95,2022-07-10,12804912
Huevos grandes L,1,3.95,3.95,2022-07-10,12804912
Zanahorias,1,0.75,0.75,2022-07-10,12804912
Queso rallado mozzarella pizza-Roma Hacendado,1,1.5,1.5,2022-07-10,12804912
Yogur griego natural azucarado Hacendado,1,1.35,1.35,2022-07-10,12804912
Papel higiénico Doble Rollo Bosque Verde,1,4.75,4.75,2022-07-10,12804912
Leche desnatada Pascual,5,32.7,6.540000000000001,2022-07-10,12804912
11 Panecillos,1,1.1,1.1,2022-07-10,12804912
Patatas,1,5.49,5.49,2022-07-10,12804912
Queso azul hojas de vaca,1,1.91,1.91,2022-07-10,12804912
Salmón ahumado Hacendado,1,2.93,2.93,2022-07-10,12804912
