description,units,price_eu,unit_price,date,order_num,product_code
perlas de mozzarella fresca hacendado,1,1.7,1.7,2020-01-10,302316,
refresco coca-cola zero azucar,1,7.56,7.56,2020-01-10,302316,
dentifrico triple accion colgate con fluor,2,3.5,1.75,2020-01-10,302316,
aceite de oliva virgen extra hacendado,1,9.5,9.5,2020-01-10,302316,
lenteja cocida pardina hacendado,2,0.98,0.49,2020-01-10,302316,
piadinas pan estilo italiano hacendado,1,1.95,1.95,2020-01-10,302316,
pan de molde espelta 100% integral hacendado,1,1.1,1.1,2020-01-10,302316,
gelatina 0% azucar sabor fresa hacendado,1,0.98,0.98,2020-01-10,302316,
quinoa cocida blanca y roja hacendado,1,1.35,1.35,2020-01-10,302316,
yogur cremoso hacendado natural edulcorado,1,1.3,1.3,2020-01-10,302316,
tomate frito receta artesana hacendado,1,1.7,1.7,2020-01-10,302316,
papel higienico doble rollo bosque verde,2,7.64,3.82,2020-01-10,302316,
atun claro en aceite de oliva hacendado,2,7.98,3.99,2020-01-10,302316,
queso untar light blanco pasteurizado philadelphia,1,2.1,2.1,2020-01-10,302316,
garbanzo cocido hacendado,2,1.4,0.7,2020-01-10,302316,
hogaza 100% natural,1,1.0,1.0,2020-01-10,302316,
agua mineral cortes,2,1.46,0.73,2020-01-10,302316,
leche desnatada pascual,2,10.68,5.34,2020-01-10,302316,
dentifrico original binaca,2,3.0,1.5,2020-01-10,302316,
morcilla oreada d' ontinyent,1,1.34,1.34,2020-01-10,302316,
huevos grandes l,1,1.45,1.45,2019-02-27,125935,
discos desmaquillantes deliplus redondos,1,0.95,0.95,2019-02-27,125935,
cebolla amarilla,1,1.89,1.89,2019-02-27,125935,
ajo morado,1,1.2,1.2,2019-02-27,125935,
desodorante roll-on dermo extra control sanex,1,1.8,1.8,2019-02-27,125935,
esparragos muy gruesos hacendado blancos enteros,1,2.53,2.53,2019-02-27,125935,
yogur bifidus desnatado hacendado frutas del bosque,1,0.95,0.95,2019-02-27,125935,
compresa con alas normal evax cotton like,1,3.95,3.95,2019-02-27,125935,
lavavajillas ultra original fairy liquido,1,2.8,2.8,2019-02-27,125935,
agua mineral cortes,1,0.73,0.73,2019-02-27,125935,
queso untar light blanco pasteurizado philadelphia,1,2.1,2.1,2019-02-27,125935,
galletas cookies hacendado,1,1.25,1.25,2019-02-27,125935,
tomate cherry,1,1.49,1.49,2019-02-27,125935,
limpiacristales y multiusos bosque verde,1,1.15,1.15,2019-02-27,125935,
"champu agua de coco fructis raices grasas, puntas secas",1,2.95,2.95,2019-02-27,125935,
arroz redondo la fallera,1,1.35,1.35,2019-02-27,125935,
platano,6,2.2,0.3666666666666667,2019-02-27,125935,
dentifrico original binaca,1,1.5,1.5,2019-02-27,125935,
maiz dulce hacendado,1,0.95,0.95,2019-02-27,125935,
tomate frito receta artesana hacendado,1,1.7,1.7,2019-02-27,125935,
queso rallado hacendado especial fundir,1,1.0,1.0,2019-02-27,125935,
hogaza 100% natural,1,1.0,1.0,2019-02-27,125935,
cafe en capsula sontuoso l'or espresso,2,6.58,3.29,2019-02-27,125935,
chocolate con leche lindt,1,1.15,1.15,2019-02-27,125935,
papel higienico doble rollo bosque verde,1,3.74,3.74,2019-02-27,125935,
cafe en capsula ristretto l'or espresso,3,9.87,3.29,2019-02-27,125935,
lenteja cocida hacendado,2,1.18,0.59,2019-02-27,125935,
garbanzo cocido hacendado,1,0.7,0.7,2019-02-27,125935,
leche desnatada pascual,2,10.68,5.34,2019-02-27,125935,
pan de molde con avena hacendado,1,1.25,1.25,2019-02-27,125935,
queso curado entrepinares,1,2.66,2.66,2019-02-27,125935,
queso havarti light hacendado lonchas,1,2.56,2.56,2019-02-27,125935,
morcilla oreada d' ontinyent,1,1.48,1.48,2019-02-27,125935,
longaniza fresca d' ontinyent,1,3.06,3.06,2019-02-27,125935,
placas para canelones del castillo,1,0.58,0.58,2019-02-27,125935,
panuelos de papel extra suaves bosque verde,1,1.05,1.05,2019-02-27,125935,
agua mineral bronchales grande,1,2.46,2.46,2019-02-27,125935,
mozzarella fresca hacendado,2,1.6,0.8,2019-02-27,125935,
pizza iberica hacendado ultracongelada,1,2.0,2.0,2019-02-27,125935,
pizza mozzarella y pesto hacendado ultracongelada,1,2.0,2.0,2019-02-27,125935,
pizza masa fina 4 quesos hacendado ultracongelada,1,2.29,2.29,2019-02-27,125935,
esparrago verde entero jv ultracongelado,1,2.6,2.6,2019-02-27,125935,
yogur natural edulcorado hacendado 0% materia grasa 0% sin azucares anadidos,1,0.79,0.79,2019-02-27,125935,
verdura floretas de brocoli para micro,1,1.2,1.2,2019-02-27,125935,
pizza masa fina jamon hacendado ultracongelada,1,2.29,2.29,2019-02-27,125935,
angurinas pescanova ultracongeladas,1,1.99,1.99,2019-02-27,125935,
aceitunas manzanilla rellenas de anchoa hacendado,1,2.15,2.15,2019-02-27,125935,
salchichon extra hacendado lonchas,1,1.39,1.39,2019-02-27,125935,
aceitunas negras cacerenas hacendado a rodajas,1,1.5,1.5,2019-02-27,125935,
atun claro en aceite de oliva hacendado,1,3.99,3.99,2019-02-27,125935,
patatas,1,3.85,3.85,2020-10-22,404271,
zanahorias,1,0.69,0.69,2020-10-22,404271,
corazones de alcachofa hacendado,1,2.3,2.3,2020-10-22,404271,
huevos grandes l,1,1.45,1.45,2020-10-22,404271,
platano,6,1.94,0.3233333333333333,2020-10-22,404271,
champu anticaspa h&s cabello graso,1,2.99,2.99,2020-10-22,404271,
discos desmaquillantes deliplus redondos,2,1.9,0.95,2020-10-22,404271,
lavavajillas todo en 1 fairy en pastillas,1,4.5,4.5,2020-10-22,404271,
perlas de mozzarella fresca hacendado,1,1.7,1.7,2020-10-22,404271,
dentifrico triple accion colgate con fluor,2,3.5,1.75,2020-10-22,404271,
lenteja cocida pardina hacendado,2,0.98,0.49,2020-10-22,404271,
pan de molde espelta 100% integral hacendado,1,1.1,1.1,2020-10-22,404271,
gelatina 0% azucar sabor fresa hacendado,1,0.98,0.98,2020-10-22,404271,
quinoa cocida blanca y roja hacendado,1,1.35,1.35,2020-10-22,404271,
yogur cremoso hacendado natural edulcorado,1,1.3,1.3,2020-10-22,404271,
papel higienico doble rollo bosque verde,1,3.82,3.82,2020-10-22,404271,
hamburguesas de vacuno gruesas,2,6.24,3.12,2020-10-01,466635,
dentifrico blanqueador sensation colgate,2,4.1,2.05,2020-10-01,466635,
jamon cocido extra hacendado finas lonchas,1,3.08,3.08,2020-10-01,466635,
lenteja cocida hacendado,2,1.18,0.59,2020-10-01,466635,
nata ligera para cocinar hacendado,1,1.32,1.32,2020-10-01,466635,
huevos grandes l,1,1.45,1.45,2020-10-01,466635,
gazpacho fresco hacendado,1,2.69,2.69,2020-10-01,466635,
garbanzo cocido hacendado,2,1.4,0.7,2020-10-01,466635,
patatas,1,3.95,3.95,2020-10-01,466635,
cebollas,1,1.3,1.3,2020-10-01,466635,
agua mineral cortes,2,1.46,0.73,2020-10-01,466635,
perfilador de cejas definidor deliplus 01,1,3.95,3.95,2018-04-12,73955,
nata ligera para cocinar hacendado,1,1.32,1.32,2018-04-12,73955,
cafe molido natural hacendado,1,1.05,1.05,2018-04-12,73955,
arroz redondo la fallera,1,1.35,1.35,2018-04-12,73955,
servilleta papel suavidad y absorcion bosque verde,1,0.99,0.99,2018-04-12,73955,
platano,4,1.82,0.455,2018-04-12,73955,
discos desmaquillantes deliplus redondos,1,0.95,0.95,2018-04-12,73955,
protegeslip normal deliplus,1,1.95,1.95,2018-04-12,73955,
compresa con alas normal evax cotton like,1,3.95,3.95,2018-04-12,73955,
aceite de oliva virgen hacendado,1,9.3,9.3,2018-04-12,73955,
huevos grandes l,1,1.45,1.45,2018-04-12,73955,
yogur bifidus desnatado hacendado frutas del bosque,1,0.95,0.95,2018-04-12,73955,
yogur natural azucarado hacendado,1,1.44,1.44,2018-04-12,73955,
azucar moreno de cana integral acor,1,1.87,1.87,2018-04-12,73955,
fregasuelos pino bosque verde liquido,1,0.68,0.68,2018-04-12,73955,
ajo morado,1,1.75,1.75,2018-04-12,73955,
cebolla amarilla,1,1.29,1.29,2018-04-12,73955,
pan de molde con avena hacendado,1,1.25,1.25,2018-04-12,73955,
esparragos muy gruesos hacendado blancos enteros,1,2.53,2.53,2018-04-12,73955,
alubia cocida blanca hacendado,2,1.18,0.59,2018-04-12,73955,
agua mineral cortes,1,0.73,0.73,2018-04-12,73955,
garbanzo cocido hacendado,2,1.4,0.7,2018-04-12,73955,
maiz dulce hacendado,1,0.95,0.95,2018-04-12,73955,
cafe en capsula sontuoso l'or espresso,2,6.58,3.29,2018-04-12,73955,
arroz cocido integral brillante,1,1.1,1.1,2018-04-12,73955,
tomate frito receta artesana hacendado,1,1.7,1.7,2018-04-12,73955,
chocolate con leche lindt,1,1.15,1.15,2018-04-12,73955,
leche desnatada pascual,1,5.34,5.34,2018-04-12,73955,
papel higienico doble rollo bosque verde,1,3.74,3.74,2018-04-12,73955,
jamon serrano incarlopsa lonchas extra finas,1,1.99,1.99,2018-04-12,73955,
queso rallado entrepinares,2,2.0,1.0,2018-04-12,73955,
lenteja cocida hacendado,2,1.18,0.59,2018-04-12,73955,
hogaza 100% natural,1,1.0,1.0,2018-04-12,73955,
cafe en capsula ristretto l'or espresso,3,9.87,3.29,2018-04-12,73955,
albondigas de carne tenedor plata ultracongeladas,1,1.6,1.6,2018-04-12,73955,
morcilla oreada d' ontinyent,1,1.39,1.39,2018-04-12,73955,
azucar moreno de cana integral acor,1,1.87,1.87,2019-05-22,185199,
spaghetti hacendado,2,1.5,0.75,2019-05-22,185199,
albaricoque,1,0.21,0.21,2019-05-22,185199,
salmon marinado ubago,1,2.35,2.35,2019-05-22,185199,
tomate frito hacendado,1,0.8,0.8,2019-05-22,185199,
nata ligera para cocinar hacendado,1,1.32,1.32,2019-05-22,185199,
salchichon extra hacendado lonchas,1,1.39,1.39,2019-05-22,185199,
mozzarella fresca hacendado,2,1.6,0.8,2019-05-22,185199,
arroz cocido integral brillante,1,1.1,1.1,2019-05-22,185199,
lavavajillas ultra original fairy liquido,1,2.8,2.8,2019-05-22,185199,
angurinas pescanova ultracongeladas,1,2.19,2.19,2019-05-22,185199,
"champu agua de coco fructis raices grasas, puntas secas",1,2.95,2.95,2019-05-22,185199,
chocolate con leche lindt,1,1.25,1.25,2019-05-22,185199,
yogur bifidus desnatado hacendado frutas del bosque,1,0.95,0.95,2019-05-22,185199,
platano,5,1.77,0.354,2019-05-22,185199,
compresa con alas normal evax cotton like,1,3.95,3.95,2019-05-22,185199,
nispero,1,1.56,1.56,2019-05-22,185199,
queso havarti light hacendado lonchas,1,2.48,2.48,2019-05-22,185199,
paraguayo,4,0.73,0.1825,2019-05-09,278125,
melocoton amarillo,5,1.51,0.302,2019-05-09,278125,
tempura 7 verduras hacendado ultracongelada,1,1.85,1.85,2019-05-09,278125,
salmorejo fresco hacendado,1,2.96,2.96,2019-05-09,278125,
ensalada poke salmon,1,3.85,3.85,2019-05-09,278125,
queso en dados feta hacendado,1,1.7,1.7,2019-05-09,278125,
gazpacho fresco hacendado,1,2.69,2.69,2019-05-09,278125,
lavavajillas todo en 1 bosque verde en pastillas,1,2.7,2.7,2019-05-09,278125,
guantes de latex rubberex talla pequena,1,0.7,0.7,2019-05-09,278125,
placas para canelones del castillo,1,0.58,0.58,2019-05-09,278125,
spaghetti hacendado,2,1.5,0.75,2019-05-09,278125,
champu anticaspa h&s cabello graso,1,2.99,2.99,2020-06-07,935378,
judia verde plana,1,2.49,2.49,2020-06-07,935378,
dentifrico original binaca,2,3.0,1.5,2020-06-07,935378,
discos desmaquillantes deliplus redondos,2,1.9,0.95,2020-06-07,935378,
hogaza 100% natural,1,1.0,1.0,2020-06-07,935378,
"pan con semillas 4,5% rebanado",1,1.5,1.5,2020-06-07,935378,
mascarillas higienicas no reutilizables deliplus,1,6.0,6.0,2020-06-07,935378,
servilleta papel cocktail color bosque verde,2,2.6,1.3,2019-06-20,208575,
pimenton dulce hacendado,1,0.9,0.9,2019-06-20,208575,
tomate troceado pelado hacendado,3,1.86,0.62,2019-06-20,208575,
cebolla,1,1.3,1.3,2019-06-20,208575,
ajo morado,1,1.2,1.2,2019-06-20,208575,
aceite de oliva virgen extra hacendado,1,3.69,3.69,2019-06-20,208575,
aceitunas rellenas de anchoa hacendado,1,3.1,3.1,2019-06-20,208575,
almendra frita marcona hacendado,1,3.8,3.8,2019-06-20,208575,
guacamole,3,9.87,3.29,2019-06-20,208575,
tabla de quesos nacionales,4,15.0,3.75,2019-06-20,208575,
vino blanco semidulce l'antigon d.o valencia,5,7.45,1.49,2019-06-20,208575,
refresco coca-cola zero azucar,1,2.72,2.72,2019-06-20,208575,
refresco coca-cola,2,5.44,2.72,2019-06-20,208575,
refresco fanta naranja,2,2.58,1.29,2019-06-20,208575,
refresco fanta limon,8,10.56,1.32,2019-06-20,208575,
tonica nordic mist,6,18.72,3.12,2019-06-20,208575,
vodka absolut,2,23.9,11.95,2019-06-20,208575,
ron dominicano anejo superior brugal,3,40.95,13.65,2019-06-20,208575,
cerveza clasica steinburg,12,36.0,3.0,2019-06-20,208575,
gelatina sabor fresa hacendado,1,0.85,0.85,2022-07-13,996926,
patatas,1,4.4,4.4,2022-07-13,996926,
refresco coca-cola zero azucar,1,8.4,8.4,2022-07-13,996926,
cerveza tostada turia,1,6.0,6.0,2022-07-13,996926,
jamon cocido extra hacendado finas lonchas,1,3.17,3.17,2022-07-13,996926,
pechuga de pavo bajo en sal hacendado finas lonchas,1,3.19,3.19,2022-07-13,996926,
trampa antipolillas de los alimentos bosque verde,1,2.0,2.0,2022-07-13,996926,
estropajo suciedad resistente bosque verde,1,0.85,0.85,2022-07-13,996926,
lavavajillas ultra original fairy liquido,1,3.25,3.25,2022-07-13,996926,
limpiador cal y suciedad cillit bang,1,3.9,3.9,2022-07-13,996926,
mejillones en escabeche hacendado medianos,2,3.5,1.75,2022-07-13,996926,
maiz dulce hacendado,1,1.25,1.25,2022-07-13,996926,
salsa fresca roquefort hacendado,1,1.3,1.3,2022-07-13,996926,
tomate frito receta artesana hacendado,1,1.85,1.85,2022-07-13,996926,
fregona microfibra absorbente bosque verde,1,2.95,2.95,2020-11-18,546427,
quitagrasas kh-7,1,2.69,2.69,2020-11-18,546427,
lavavajillas ultra original fairy liquido,1,2.8,2.8,2020-11-18,546427,
salmon marinado ubago,1,2.35,2.35,2020-11-18,546427,
corazones de alcachofa hacendado,1,2.3,2.3,2020-11-18,546427,
queso emmental natual,1,2.15,2.15,2020-11-18,546427,
queso havarti light hacendado lonchas,1,2.58,2.58,2020-11-18,546427,
jamon cocido extra hacendado finas lonchas,1,2.99,2.99,2020-11-18,546427,
salmon marinado ubago,1,2.35,2.35,2019-01-31,107492,
mozzarella fresca hacendado,2,1.6,0.8,2019-01-31,107492,
angurinas pescanova ultracongeladas,1,1.99,1.99,2019-01-31,107492,
esparrago verde entero jv ultracongelado,1,2.6,2.6,2019-01-31,107492,
porciones de merluza del cabo mascato ultracongeladas,1,3.8,3.8,2019-01-31,107492,
verdura floretas de brocoli para micro,1,1.2,1.2,2019-01-31,107492,
limpiador muebles jabonoso bosque verde para madera tratada,1,1.45,1.45,2019-01-31,107492,
limpiador antical bosque verde,1,1.6,1.6,2019-01-31,107492,
pizza masa fina jamon hacendado ultracongelada,1,2.29,2.29,2019-01-31,107492,
pizza iberica hacendado ultracongelada,1,2.0,2.0,2019-01-31,107492,
pizza mozzarella y pesto hacendado ultracongelada,1,2.0,2.0,2019-01-31,107492,
pizza masa fina 4 quesos hacendado ultracongelada,1,2.29,2.29,2019-01-31,107492,
atun claro en aceite de oliva hacendado,2,7.98,3.99,2019-01-31,107492,
yogur natural hacendado 0% materia grasa 0% sin azucares,1,0.77,0.77,2019-01-31,107492,
yogur natural edulcorado hacendado 0% materia grasa 0% sin azucares anadidos,1,0.79,0.79,2019-01-31,107492,
nata ligera para cocinar hacendado,1,1.32,1.32,2019-01-31,107492,
huevos grandes l,1,1.45,1.45,2019-01-31,107492,
discos desmaquillantes deliplus redondos,2,1.9,0.95,2019-01-31,107492,
cafe en capsula sontuoso l'or espresso,2,6.58,3.29,2019-01-31,107492,
cafe en capsula ristretto l'or espresso,3,9.87,3.29,2019-01-31,107492,
arroz cocido integral brillante,1,1.1,1.1,2019-01-31,107492,
agua mineral bronchales grande,1,2.4,2.4,2019-01-31,107492,
papel higienico doble rollo bosque verde,1,3.74,3.74,2019-01-31,107492,
tomate frito receta artesana hacendado,1,1.7,1.7,2019-01-31,107492,
queso rallado entrepinares,1,1.0,1.0,2019-01-31,107492,
garbanzo cocido hacendado,1,0.7,0.7,2019-01-31,107492,
maiz dulce hacendado,2,1.9,0.95,2019-01-31,107492,
hogaza 100% natural,1,1.0,1.0,2019-01-31,107492,
longaniza fresca d' ontinyent,1,2.56,2.56,2019-01-31,107492,
morcilla oreada d' ontinyent,1,1.36,1.36,2019-01-31,107492,
queso havarti light hacendado lonchas,1,2.58,2.58,2019-01-31,107492,
queso curado entrepinares,1,3.14,3.14,2019-01-31,107492,
agua mineral grande cortes,2,1.46,0.73,2022-09-28,470822,
papel higienico doble rollo bosque verde,1,4.75,4.75,2022-09-28,470822,
garbanzo cocido hacendado,2,1.5,0.75,2022-09-28,470822,
pechugas enteras de pollo,1,4.73,4.73,2022-09-28,470822,
queso tierno mezcla hacendado,1,2.71,2.71,2022-09-28,470822,
longaniza fresca d'ontinyent,1,2.92,2.92,2022-09-28,470822,
aceitunas manzanilla rellenas de anchoa hacendado,1,2.25,2.25,2022-09-28,470822,
corazones de alcachofa hacendado,2,5.6,2.8,2022-09-28,470822,
refresco coca-cola zero azucar,1,9.36,9.36,2022-09-28,470822,
cerveza tostada turia,1,6.0,6.0,2022-09-28,470822,
jamon cocido extra hacendado finas lonchas,1,3.09,3.09,2022-09-28,470822,
pechuga de pavo bajo en sal hacendado finas lonchas,1,3.15,3.15,2022-09-28,470822,
trampa antipolillas de los alimentos bosque verde,1,2.0,2.0,2022-09-28,470822,
estropajo suciedad resistente bosque verde,1,0.85,0.85,2022-09-28,470822,
mejillones en escabeche hacendado medianos,2,4.0,2.0,2022-09-28,470822,
maiz dulce hacendado,1,1.2,1.2,2022-09-28,470822,
tomate frito receta artesana hacendado,1,2.2,2.2,2022-09-28,470822,
mayonesa hellmann's,1,2.65,2.65,2022-09-28,470822,
huevos grandes l,1,2.15,2.15,2022-09-28,470822,
gazpacho fresco hacendado,1,2.4,2.4,2022-09-28,470822,
atun claro en aceite de oliva hacendado,2,9.3,4.65,2022-09-28,470822,
aceite de oliva virgen extra hacendado,1,12.7,12.7,2022-09-28,470822,
limpiacristales y multiusos bosque verde,1,1.15,1.15,2022-09-28,470822,
fregona resistente y absorbente bosque verde,1,1.85,1.85,2022-09-28,470822,
palitos de pan 100% integral anitin,1,1.35,1.35,2022-09-28,470822,
rosquilletas de horno anitin,1,1.45,1.45,2022-09-28,470822,
barra de pan tradicional,1,1.2,1.2,2022-09-28,470822,
patatas,1,4.4,4.4,2022-09-28,470822,
cebollas,1,1.99,1.99,2022-09-28,470822,
quitagrasas kh-7,1,3.4,3.4,2022-09-28,470822,
leche desnatada pascual,2,13.08,6.54,2022-09-28,470822,
zanahorias,1,0.59,0.59,2022-09-28,470822,
caldo de pollo avecrem en pastillas,1,2.6,2.6,2019-11-01,95302,
cebolla,1,1.05,1.05,2019-11-01,95302,
estropajo verde bosque verde con esponja,1,1.0,1.0,2019-11-01,95302,
fregasuelos spa bosque verde liquido,1,1.05,1.05,2019-11-01,95302,
limpiacristales y multiusos bosque verde,1,1.15,1.15,2019-11-01,95302,
arroz redondo la fallera,1,1.35,1.35,2019-11-01,95302,
compresa con alas normal evax cotton like,1,3.95,3.95,2019-11-01,95302,
aceite de oliva virgen hacendado,1,9.3,9.3,2019-11-01,95302,
platano,4,1.11,0.2775,2019-11-01,95302,
desodorante roll-on unisex sanex dermo extra control,1,1.8,1.8,2019-11-01,95302,
queso untar light blanco pasteurizado philadelphia,1,2.1,2.1,2019-11-01,95302,
caldo de verduras en pastillas,1,0.44,0.44,2019-11-01,95302,
galletas cookies hacendado,1,1.25,1.25,2019-11-01,95302,
tomate frito hacendado,1,0.8,0.8,2019-11-01,95302,
"champu agua de coco fructis raices grasas, puntas secas",2,5.9,2.95,2019-11-01,95302,
atun claro en aceite de oliva hacendado,1,3.95,3.95,2021-09-28,209834,
cafe en capsula ristretto l'or espresso,4,13.6,3.4,2021-09-28,209834,
papel higienico doble rollo bosque verde,1,3.95,3.95,2021-09-28,209834,
gelatina 0% azucar sabor fresa hacendado,1,0.9,0.9,2021-09-28,209834,
agua mineral grande cortes,2,1.46,0.73,2021-09-28,209834,
leche desnatada pascual,2,10.68,5.34,2021-09-28,209834,
salmon ahumado hacendado,1,3.11,3.11,2021-09-28,209834,
aceite de oliva virgen extra hacendado,1,11.0,11.0,2021-09-28,209834,
comida perro adulto supreme compy con pollo y arroz,1,4.15,4.15,2021-09-28,209834,
jabon de manos neutralizante de olores deliplus liquido,1,1.5,1.5,2021-09-28,209834,
arroz cocido integral sabroz,1,1.0,1.0,2021-09-28,209834,
garbanzo cocido hacendado,2,1.6,0.8,2022-04-02,986079,
agua mineral grande cortes,2,1.46,0.73,2022-04-02,986079,
champu fuerza & brillo fructis cabello normal,1,2.95,2.95,2019-10-04,156155,
refresco coca-cola,1,6.6,6.6,2019-10-04,156155,
refresco coca-cola zero azucar,1,6.6,6.6,2019-10-04,156155,
papel multiusos jumbo resistente bosque verde,1,2.89,2.89,2019-10-04,156155,
yogur natural hacendado 0% materia grasa 0% sin azucares,1,0.77,0.77,2019-10-04,156155,
ajo morado,1,1.2,1.2,2019-10-04,156155,
lavavajillas ultra original fairy liquido,1,2.8,2.8,2019-10-04,156155,
fregasuelos spa bosque verde liquido,1,1.05,1.05,2019-10-04,156155,
aceitunas negras cacerenas hacendado a rodajas,1,1.5,1.5,2019-10-04,156155,
jamon cocido extra hacendado finas lonchas,1,2.99,2.99,2019-10-04,156155,
atun claro en aceite de oliva hacendado,1,3.99,3.99,2019-10-04,156155,
albondigas de carne tenedor plata ultracongeladas,1,1.6,1.6,2019-10-04,156155,
limpiacristales y multiusos bosque verde,1,1.15,1.15,2019-10-04,156155,
cebolla,1,1.8,1.8,2019-10-04,156155,
pizza masa fina 4 quesos hacendado ultracongelada,1,2.29,2.29,2019-10-04,156155,
desodorante unisex deliplus cuidado aloe,1,1.4,1.4,2018-11-13,61858,
desodorante roll-on unisex sanex dermo extra control,1,1.8,1.8,2018-11-13,61858,
"champu agua de coco fructis raices grasas, puntas secas",2,5.9,2.95,2018-11-13,61858,
crema suavizante deliplus para todo tipo de cabello,1,0.99,0.99,2018-11-13,61858,
tomate frito hacendado,1,0.8,0.8,2018-11-13,61858,
tomate frito receta artesana hacendado,2,3.4,1.7,2018-11-13,61858,
caldo de verduras en pastillas,1,0.44,0.44,2018-11-13,61858,
esparragos muy gruesos hacendado blancos enteros,1,2.53,2.53,2018-11-13,61858,
maiz dulce hacendado,1,0.95,0.95,2018-11-13,61858,
berberechos al natural s du nord,1,1.78,1.78,2018-11-13,61858,
atun claro en aceite de oliva hacendado,1,3.99,3.99,2018-11-13,61858,
queso untar light blanco pasteurizado philadelphia,1,2.1,2.1,2018-11-13,61858,
queso en porciones light el caserio,1,1.7,1.7,2018-11-13,61858,
queso rallado entrepinares,1,1.0,1.0,2018-11-13,61858,
queso en polvo grana padano zanetti,1,1.4,1.4,2018-11-13,61858,
dados de queso curado y cheddar hacendado,1,0.99,0.99,2018-11-13,61858,
jamon serrano incarlopsa lonchas extra finas,1,1.99,1.99,2018-11-13,61858,
salchichon extra hacendado lonchas,1,1.39,1.39,2018-11-13,61858,
jamon cocido extra hacendado finas lonchas,1,2.99,2.99,2018-11-13,61858,
galletas oreo,2,2.0,1.0,2018-11-13,61858,
galletas cookies hacendado,1,1.25,1.25,2018-11-13,61858,
cafe en capsula sontuoso l'or espresso,2,6.58,3.29,2018-11-13,61858,
cafe en capsula ristretto l'or espresso,3,9.87,3.29,2018-11-13,61858,
chocolate con leche lindt,1,1.15,1.15,2018-11-13,61858,
pasta maravilla hacendado,1,0.6,0.6,2018-11-13,61858,
noquis frescos de patata il pastaio,1,1.09,1.09,2018-11-13,61858,
pajaritas con vegetales hacendado,1,0.69,0.69,2018-11-13,61858,
lenteja cocida hacendado,1,0.59,0.59,2018-11-13,61858,
alubia cocida blanca hacendado,1,0.5,0.5,2018-11-13,61858,
garbanzo cocido hacendado,1,0.54,0.54,2018-11-13,61858,
arroz cocido integral brillante,1,1.1,1.1,2018-11-13,61858,
tortitas de maiz tex-mex hacendado,1,0.85,0.85,2018-11-13,61858,
aceitunas negras cacerenas hacendado a rodajas,1,1.5,1.5,2018-11-13,61858,
aceitunas manzanilla rellenas de anchoa hacendado,1,2.15,2.15,2018-11-13,61858,
agua mineral cortes,1,0.73,0.73,2018-11-13,61858,
arreglo arroz al horno,1,4.16,4.16,2018-11-13,61858,
longaniza fresca d' ontinyent,1,2.45,2.45,2018-11-13,61858,
morcilla oreada d' ontinyent,1,1.39,1.39,2018-11-13,61858,
queso havarti light hacendado lonchas,1,2.57,2.57,2018-11-13,61858,
queso de cabra semicurado montesinos,1,3.95,3.95,2018-11-13,61858,
cebollas nuevas,1,1.7,1.7,2020-12-15,686714,
zanahorias,1,0.69,0.69,2020-12-15,686714,
albondigas de carne tenedor plata ultracongeladas,1,1.6,1.6,2020-12-15,686714,
platano,5,1.96,0.392,2020-12-15,686714,
quitagrasas kh-7,1,2.69,2.69,2020-12-15,686714,
lavavajillas ultra original fairy liquido,1,2.4,2.4,2020-12-15,686714,
salmon marinado ubago,1,2.35,2.35,2020-12-15,686714,
corazones de alcachofa hacendado,1,2.3,2.3,2020-12-15,686714,
queso havarti light hacendado lonchas,1,2.58,2.58,2020-12-15,686714,
pan de molde con 30% avena hacendado,1,1.25,1.25,2020-12-15,686714,
rosquilletas tradicionales hacendado,1,1.0,1.0,2020-12-15,686714,
pan integral 100% rebanado,1,1.6,1.6,2020-12-15,686714,
perlas de mozzarella fresca hacendado,1,1.7,1.7,2020-12-15,686714,
corazones de alcachofa hacendado,1,2.3,2.3,2021-09-09,101295,
lavavajillas ultra original fairy liquido,1,2.4,2.4,2021-09-09,101295,
tomate frito receta artesana hacendado,2,3.4,1.7,2021-09-09,101295,
atun claro en aceite de oliva hacendado,1,3.95,3.95,2021-09-09,101295,
gelatina 0% azucar sabor fresa hacendado,2,1.8,0.9,2021-09-09,101295,
cafe en capsula ristretto l'or espresso,4,13.6,3.4,2021-09-09,101295,
agua mineral grande cortes,2,1.46,0.73,2021-09-09,101295,
garbanzo cocido hacendado,2,1.34,0.67,2021-09-09,101295,
papel higienico doble rollo bosque verde,1,3.95,3.95,2021-09-09,101295,
leche desnatada pascual,2,10.68,5.34,2021-09-09,101295,
morcilla oreada d' ontinyent,1,1.54,1.54,2021-09-09,101295,
salmon ahumado hacendado,1,2.65,2.65,2021-09-09,101295,
comida perro adulto supreme compy con salmon y arroz,1,4.5,4.5,2021-09-09,101295,
rosquilletas de horno saladitas anitin,1,1.35,1.35,2021-09-09,101295,
mascarilla nutri rizos fructis cabello rizado,1,3.8,3.8,2021-09-09,101295,
burger de pollo rural gruesas,2,6.0,3.0,2021-09-09,101295,
lenteja cocida pardina hacendado,2,1.1,0.55,2021-09-09,101295,
agua mineral grande bronchales,2,2.28,1.14,2022-09-11,786946,
lavavajillas todo en 1 bosque verde en pastillas,1,2.7,2.7,2022-09-11,786946,
cebollas,1,1.05,1.05,2022-09-11,786946,
limpiacristales y multiusos bosque verde,1,1.15,1.15,2022-09-11,786946,
mejillones en escabeche hacendado medianos,1,2.0,2.0,2022-09-11,786946,
corazones de alcachofa hacendado,1,2.8,2.8,2022-09-11,786946,
salmorejo fresco hacendado,1,2.8,2.8,2022-09-11,786946,
gazpacho fresco hacendado,1,2.5,2.5,2022-09-11,786946,
aceite de oliva virgen extra hacendado,1,14.7,14.7,2022-09-11,786946,
leche desnatada pascual,2,13.08,6.54,2022-09-11,786946,
tomate frito receta artesana hacendado,1,2.15,2.15,2022-09-11,786946,
papel higienico doble rollo bosque verde,1,5.0,5.0,2022-09-11,786946,
atun claro en aceite de oliva hacendado,1,3.99,3.99,2020-08-27,134160,
tomate frito receta artesana hacendado,1,1.7,1.7,2020-08-27,134160,
pan de molde espelta 100% integral hacendado,1,1.1,1.1,2020-08-27,134160,
hogaza 100% natural,1,1.0,1.0,2020-08-27,134160,
gelatina 0% azucar sabor fresa hacendado,1,0.98,0.98,2020-08-27,134160,
piadinas pan estilo italiano hacendado,1,1.95,1.95,2020-08-27,134160,
leche desnatada pascual,1,5.34,5.34,2020-08-27,134160,
lavavajillas todo en 1 fairy en pastillas,1,4.5,4.5,2020-08-27,134160,
escalivada hacendado,1,1.99,1.99,2020-08-27,134160,
corazones de alcachofa hacendado,2,4.6,2.3,2020-08-27,134160,
quinoa cocida blanca y roja hacendado,2,2.7,1.35,2020-08-27,134160,
lenteja cocida pardina hacendado,1,0.49,0.49,2020-08-27,134160,
yogur cremoso hacendado natural edulcorado,1,1.3,1.3,2020-08-27,134160,
garbanzo cocido hacendado,2,1.4,0.7,2020-08-27,134160,
agua mineral cortes,2,1.46,0.73,2020-08-27,134160,
huevos grandes l,1,1.45,1.45,2020-08-27,134160,
salmorejo fresco hacendado,2,5.1,2.55,2020-08-27,134160,
papel higienico doble rollo bosque verde,1,3.82,3.82,2020-08-27,134160,
queso untar light blanco pasteurizado philadelphia,1,2.1,2.1,2020-08-27,134160,
judia verde plana,1,2.49,2.49,2020-08-27,134160,
dentifrico original binaca,2,3.0,1.5,2020-08-27,134160,
pechugas de pollo enteras,1,6.55,6.55,2020-08-27,134160,
tomates kumato,1,1.69,1.69,2020-08-27,134160,
abrillantador lavavajillas finish liquido,1,4.45,4.45,2019-06-19,207666,
lavavajillas classic finish en pastillas,1,3.79,3.79,2019-06-19,207666,
aceite de oliva virgen extra hacendado,1,9.97,9.97,2019-06-19,207666,
aceitunas manzanilla rellenas de anchoa hacendado,1,2.15,2.15,2019-06-19,207666,
tomate frito hacendado,1,0.8,0.8,2019-06-19,207666,
arroz cocido integral brillante,1,1.1,1.1,2019-06-19,207666,
nata ligera para cocinar hacendado,1,1.32,1.32,2019-06-19,207666,
pizza iberica hacendado ultracongelada,1,2.0,2.0,2019-06-19,207666,
pizza mozzarella y pesto hacendado ultracongelada,1,2.0,2.0,2019-06-19,207666,
placas para canelones del castillo,1,0.58,0.58,2019-06-19,207666,
refresco coca-cola,1,7.32,7.32,2019-06-19,207666,
champu fuerza & brillo fructis cabello normal,1,2.95,2.95,2019-06-19,207666,
tomate frito receta artesana hacendado,1,1.7,1.7,2019-06-19,207666,
chocolate con leche lindt,2,2.5,1.25,2019-06-19,207666,
huevos grandes l,1,1.45,1.45,2019-06-19,207666,
queso curado entrepinares,1,2.57,2.57,2019-06-19,207666,
morcilla oreada d' ontinyent,1,1.39,1.39,2019-06-19,207666,
longaniza fresca d' ontinyent,1,3.01,3.01,2019-06-19,207666,
salmorejo fresco hacendado,1,2.8,2.8,2022-07-13,996926,
mayonesa hellmann's,1,2.95,2.95,2022-07-13,996926,
huevos grandes l,1,2.15,2.15,2022-07-13,996926,
corazones de alcachofa hacendado,1,1.6,1.6,2022-07-13,996926,
cebolla roja corbi en vinagre,1,2.4,2.4,2022-07-13,996926,
gazpacho fresco hacendado,2,5.0,2.5,2022-07-13,996926,
atun claro en aceite de oliva hacendado,2,9.3,4.65,2022-07-13,996926,
aceite de oliva virgen extra hacendado,1,12.7,12.7,2022-07-13,996926,
limpiacristales y multiusos bosque verde,1,1.15,1.15,2022-07-13,996926,
agua mineral grande cortes,2,1.46,0.73,2022-07-13,996926,
cebollas,1,2.19,2.19,2022-07-13,996926,
papel higienico doble rollo bosque verde,1,4.9,4.9,2022-07-13,996926,
garbanzo cocido hacendado,2,1.56,0.78,2022-07-13,996926,
comida perro adulto supreme compy con pollo y arroz,1,4.15,4.15,2021-10-19,337881,
atun claro en aceite de oliva hacendado,1,3.95,3.95,2021-10-19,337881,
gelatina 0% azucar sabor fresa hacendado,1,0.9,0.9,2021-10-19,337881,
cafe en capsula ristretto l'or espresso,6,20.4,3.4,2021-10-19,337881,
agua mineral grande cortes,1,0.73,0.73,2021-10-19,337881,
leche desnatada pascual,2,11.28,5.64,2021-10-19,337881,
salmon ahumado hacendado,1,2.71,2.71,2021-10-19,337881,
papel higienico doble rollo bosque verde,3,11.46,3.82,2020-09-16,6598904,
lavavajillas aloe bosque verde concentrado,4,6.2,1.55,2020-09-16,6598904,
cacahuete frito hacendado,1,0.85,0.85,2020-09-16,6598904,
maiz dulce hacendado,1,0.95,0.95,2020-09-16,6598904,
cafe molido mezcla fuerte hacendado,1,4.45,4.45,2020-09-16,6598904,
garbanzo cocido hacendado,2,1.08,0.54,2020-09-16,6598904,
barra de pan tradicional,1,1.15,1.15,2020-09-16,6598904,
huevos grandes l,1,1.45,1.45,2020-09-16,6598904,
povidona yodada deliplus,1,1.6,1.6,2021-06-30,8994847,
jabon de manos lavanda deliplus pastilla,1,0.85,0.85,2021-06-30,8994847,
detergente lavado a mano bosque verde liquido,1,1.89,1.89,2021-06-30,8994847,
colgador wc azul perfume marino bosque verde,1,1.2,1.2,2021-06-30,8994847,
lavavajillas aloe bosque verde concentrado,2,3.1,1.55,2021-06-30,8994847,
estropajo suciedad resistente bosque verde,2,1.8,0.9,2021-06-30,8994847,
papel higienico doble rollo bosque verde,4,15.28,3.82,2021-06-30,8994847,
quitagrasas kh-7,1,3.4,3.4,2022-03-09,12549682,
estropajo suciedad resistente bosque verde,3,2.55,0.85,2022-03-09,12549682,
fregona resistente y absorbente bosque verde,1,1.85,1.85,2022-03-09,12549682,
toallitas limpiadoras de suelo bosque verde,1,1.6,1.6,2022-03-09,12549682,
guantes 100% nitrilo bosque verde talla mediana,1,1.6,1.6,2021-10-14,10076002,
estropajo suciedad resistente bosque verde,2,1.3,0.65,2021-10-14,10076002,
limpiador cal y suciedad cillit bang,1,2.99,2.99,2021-10-14,10076002,
limpiacristales y multiusos bosque verde,1,1.0,1.0,2021-10-14,10076002,
toallitas limpiadoras de suelo bosque verde,1,1.6,1.6,2021-10-14,10076002,
quitagrasas kh-7,2,5.38,2.69,2021-10-14,10076002,
multiusos desinfectante antibacterias bosque verde,4,7.8,1.95,2021-10-14,10076002,
toallitas limpiadoras de suelo bosque verde,1,1.6,1.6,2022-03-18,11572189,
papel higienico doble rollo bosque verde,5,21.5,4.3,2022-03-18,11572189,
lavavajillas aloe bosque verde concentrado,2,3.1,1.55,2021-04-16,8135057,
papel higienico doble rollo bosque verde,4,15.28,3.82,2021-04-16,8135057,
estropajo suciedad resistente bosque verde,2,1.8,0.9,2021-04-16,8135057,
bicarbonato sodico hacendado,1,1.19,1.19,2021-04-16,8135057,
quitagrasas kh-7,1,2.69,2.69,2021-04-16,8135057,
activador del lavado ropa blanca bosque verde en gel,1,1.6,1.6,2021-04-16,8135057,
colgador wc azul perfume marino bosque verde,1,1.2,1.2,2021-04-16,8135057,
recambio antihumedad bosque verde con aromas citricos,1,2.0,2.0,2021-04-16,8135057,
fregona resistente y absorbente bosque verde,2,3.4,1.7,2021-04-16,8135057,
multiusos desinfectante antibacterias bosque verde,2,3.9,1.95,2021-04-16,8135057,
aceite de oliva virgen extra hacendado,4,38.0,9.5,2021-04-16,8135057,
limpiador cal y suciedad cillit bang,1,2.99,2.99,2020-07-11,6947878,
toallitas limpiadoras de suelo bosque verde,1,1.6,1.6,2020-07-11,6947878,
activador del lavado ropa blanca bosque verde en gel,1,1.6,1.6,2020-07-11,6947878,
lavavajillas aloe bosque verde concentrado,1,1.55,1.55,2020-07-11,6947878,
refresco coca-cola,1,6.96,6.96,2020-10-12,7119732,
queso blando blanco y azul bergader petit blu,1,1.85,1.85,2020-10-12,7119732,
queso brie con trufa castello,1,2.1,2.1,2020-10-12,7119732,
espinacas en porciones hacendado ultracongelada,1,1.19,1.19,2020-10-12,7119732,
toallitas faciales limpiadoras purificantes deliplus pieles grasas,1,1.95,1.95,2020-10-12,7119732,
locion facial limpiadora deliplus pieles grasas,1,3.95,3.95,2020-10-12,7119732,
toallitas desmaquillantes micelar & oil deliplus para todo tipo de pieles,1,1.35,1.35,2020-10-12,7119732,
bolsas zip congelacion medianas bosque verde,1,1.1,1.1,2020-10-12,7119732,
garbanzo hacendado,1,2.15,2.15,2020-10-12,7119732,
zanahorias,1,0.69,0.69,2020-10-12,7119732,
"panecillo de ajo 1,2%",4,0.88,0.22,2020-10-12,7119732,
huevos grandes l,2,5.2,2.6,2020-10-12,7119732,
longaniza de pascua hacendado,1,3.0,3.0,2020-10-12,7119732,
zumo de melocoton y uva hacendado,1,0.58,0.58,2020-10-12,7119732,
leche desnatada pascual,5,26.7,5.34,2020-10-12,7119732,
toallitas bebe frescas & perfumadas deliplus,1,0.95,0.95,2020-10-12,7119732,
patatas,1,4.79,4.79,2020-10-12,7119732,
cafe en capsula sontuoso l'or espresso,4,13.6,3.4,2020-10-12,7119732,
filete de vacuno anojo para empanar,1,4.79,4.79,2020-10-12,7119732,
alas de pollo partidas,1,2.38,2.38,2020-10-12,7119732,
queso azul hojas,1,2.36,2.36,2020-10-12,7119732,
chuletas cordero de lechal congeladas,1,6.84,6.84,2020-10-12,7119732,
lejia normal tradicional bosque verde,1,0.8,0.8,2024-11-03,358781,
gamba pelada cruda tamano mediano hacendado ultracongelada,1,4.95,4.95,2024-11-03,358781,
caldo de pollo avecrem en pastillas,2,5.9,2.95,2024-11-03,358781,
preparado de paella y sopa hacendado ultracongelado,2,7.9,3.95,2024-11-03,358781,
guisante fino hacendado ultracongelado,1,1.6,1.6,2024-11-03,358781,
leche desnatada calcio hacendado,2,11.28,5.64,2024-11-03,358781,
brochetas de pollo,1,3.01,3.01,2024-11-03,358781,
mini empanadillas de atun hacendado ultracongeladas,1,1.6,1.6,2021-12-16,10822769,
tacos de bacalao sin espinas hacendado congelado,1,3.98,3.98,2021-12-16,10822769,
filetes de bacalao sin espinas hacendado congelado,1,4.25,4.25,2021-12-16,10822769,
lomos y centros de merluza del cabo hacendado ultracongelados,1,3.2,3.2,2021-12-16,10822769,
preparado de carne picada vacuno y cerdo,1,3.19,3.19,2021-12-16,10822769,
yogur sabores hacendado,1,1.8,1.8,2021-12-16,10822769,
papel higienico doble rollo bosque verde,1,3.95,3.95,2021-12-16,10822769,
lavavajillas ultra concentrado bosque verde,1,1.8,1.8,2021-12-16,10822769,
jamon cocido extra hacendado finas lonchas,1,2.89,2.89,2021-12-16,10822769,
caramelos blandos rellenos dolis,1,1.58,1.58,2021-09-07,9115773,
patatas fritas receta campesina lay's,1,1.56,1.56,2021-09-07,9115773,
aceitunas manzanilla rellenas de anchoa hacendado,1,2.15,2.15,2021-09-07,9115773,
vino tinto d.o ribera del duero abadia mantrus roble,1,3.15,3.15,2021-09-07,9115773,
queso emmental natual,1,2.15,2.15,2021-09-07,9115773,
queso bola edam tierno holland corona,1,2.9,2.9,2021-09-07,9115773,
zumo de melocoton y uva hacendado,2,1.16,0.58,2021-09-07,9115773,
perlas de mozzarella fresca hacendado,2,3.4,1.7,2021-09-07,9115773,
ensalada mezcla brotes tiernos,2,1.98,0.99,2021-09-07,9115773,
dentifrico triple accion colgate con fluor,3,4.2,1.4,2021-09-07,9115773,
panales bebe talla 5 de 13-18 kg deliplus,1,15.0,15.0,2021-09-07,9115773,
lomo de bacalao sin espinas hacendado congelado,2,10.5,5.25,2021-09-07,9115773,
jamoncitos de pollo congelados,1,2.6,2.6,2021-09-07,9115773,
atun claro en aceite de oliva hacendado,2,8.0,4.0,2021-09-07,9115773,
locion corporal hydra & go deliplus,1,3.6,3.6,2021-09-07,9115773,
crema proteccion solar rostro y labios sun med fps 30,1,3.95,3.95,2021-09-07,9115773,
protector solar seesee fps 30,1,5.0,5.0,2021-09-07,9115773,
protector solar infantil sun med fps 50+,1,5.8,5.8,2021-09-07,9115773,
desodorante cuidado aloe deliplus,1,1.2,1.2,2021-09-07,9115773,
desodorante stick hombre ice blue williams,1,1.9,1.9,2021-09-07,9115773,
crema depilatoria deliplus piel sensible,1,2.6,2.6,2021-09-07,9115773,
crema facial hidratante equilibrante deliplus piel normal a grasa,1,2.5,2.5,2021-09-07,9115773,
champu hidratacion intensa tresemme cabello seco o danado,1,4.5,4.5,2021-09-07,9115773,
acondicionador liso keratina tresemme,1,4.65,4.65,2021-09-07,9115773,
chocolate con leche nestle,2,1.9,0.95,2021-09-07,9115773,
tomate triturado hacendado,3,1.35,0.45,2021-09-07,9115773,
yogur liquido desnatado de fresa hacendado 0% materia grasa 0% azucares anadidos,1,1.16,1.16,2021-09-07,9115773,
toallitas bebe frescas & perfumadas deliplus,1,0.95,0.95,2021-09-07,9115773,
toallitas desmaquillantes cara y ojos deliplus piel normal-mixta,1,1.0,1.0,2021-09-07,9115773,
patatas,1,4.19,4.19,2021-09-07,9115773,
yogur natural azucarado danone,2,3.98,1.99,2021-09-07,9115773,
huevos grandes l,3,8.85,2.95,2021-09-07,9115773,
fideos orientales yatekomo de pollo gallina blanca,1,2.85,2.85,2021-09-07,9115773,
refresco coca-cola,1,7.92,7.92,2021-09-07,9115773,
preparado de carne picada vacuno y cerdo,1,5.19,5.19,2021-09-07,9115773,
queso rallado hacendado especial fundir,1,1.0,1.0,2021-09-07,9115773,
zumo pura naranja hacendado,2,2.0,1.0,2021-09-07,9115773,
cebollas,2,2.38,1.19,2021-09-07,9115773,
zanahorias,1,0.69,0.69,2021-09-07,9115773,
ajos morados,1,1.45,1.45,2021-09-07,9115773,
pechuga de pavo al horno de lena campofrio lonchas,4,6.2,1.55,2021-09-07,9115773,
mantequilla con sal hacendado,2,3.3,1.65,2021-09-07,9115773,
mejillones en escabeche hacendado medianos,2,3.2,1.6,2021-09-07,9115773,
leche desnatada pascual,4,19.2,4.8,2021-09-07,9115773,
longaniza de pascua hacendado,1,3.0,3.0,2021-09-07,9115773,
zumo de manzana hacendado,2,1.18,0.59,2021-09-07,9115773,
yogur liquido desnatado natural hacendado edulcorado,2,2.32,1.16,2021-09-07,9115773,
papel higienico doble rollo bosque verde,1,3.95,3.95,2021-09-07,9115773,
cafe en capsula sontuoso l'or espresso,5,17.0,3.4,2021-09-07,9115773,
cerveza clasica mahou,1,5.88,5.88,2021-09-07,9115773,
yogur sabores hacendado,2,1.9,0.95,2021-09-07,9115773,
queso tierno entrepinares lonchas,1,1.8,1.8,2021-09-07,9115773,
chuletas de cordero palo o rinonada congeladas,1,6.6,6.6,2021-09-07,9115773,
solomillo de pavo marinado congelado,1,2.56,2.56,2021-09-07,9115773,
rodajas de atun congelado hacendado,1,2.84,2.84,2021-09-07,9115773,
bifidus desnatado hacendado frutas del bosque,1,0.95,0.95,2020-08-28,140937,
cebollas dulces,1,1.99,1.99,2020-08-28,140937,
guisantes extra hacendado,1,0.57,0.57,2020-08-28,140937,
dentifrico original binaca,1,1.5,1.5,2020-08-28,140937,
pizza masa fina 4 quesos hacendado ultracongelada,1,2.29,2.29,2020-08-28,140937,
platano,6,1.79,0.2983333333333333,2020-08-28,140937,
garbanzo cocido hacendado,1,0.7,0.7,2020-08-28,140937,
filetes de merluza del cabo sin piel hacendado ultracongelados,1,3.85,3.85,2020-08-28,140937,
huevos de gallinas camperas,1,1.95,1.95,2020-08-28,140937,
atun claro en aceite de oliva hacendado,1,3.99,3.99,2020-08-28,140937,
zumo pura naranja hacendado,2,2.0,1.0,2020-08-28,140937,
lomo de cerdo adobado,1,3.17,3.17,2020-08-28,140937,
pintalabios mate deliplus 06,1,4.5,4.5,2020-08-28,140937,
locion corporal 10% urea pura deliplus,1,1.95,1.95,2020-08-28,140937,
paraguayo,4,1.34,0.335,2020-08-28,140937,
pizza reina hacendado con crema de queso fresco,1,1.89,1.89,2020-08-28,140937,
bicarbonato sodico hacendado,1,1.19,1.19,2020-08-28,140937,
horchata fresca hacendado,1,1.9,1.9,2020-08-28,140937,
leche semidesnatada hacendado,3,1.74,0.58,2020-08-28,140937,
leche evaporada hacendado,2,1.7,0.85,2020-08-28,140937,
mascarilla facial de barro mar muerto montagne jeunesse,1,1.5,1.5,2021-08-05,8403972,
te estilo ingles hacendado,1,1.3,1.3,2021-08-05,8403972,
cacao soluble cola cao original,1,11.5,11.5,2021-08-05,8403972,
golosinas pulpis mix hacendado con pica pica,1,1.0,1.0,2021-08-05,8403972,
patatas fritas sabor salsa vinagreta lay's,1,1.56,1.56,2021-08-05,8403972,
vino tinto d.o ribera del duero abadia mantrus roble,2,6.3,3.15,2021-08-05,8403972,
barritas chocolate con leche nestle con galleta rellena de caramelo y cereales,1,0.85,0.85,2021-08-05,8403972,
cereales de trigo inflado hacendado con miel,1,1.3,1.3,2021-08-05,8403972,
tubitos banados chocolate negro hacendado,2,3.4,1.7,2021-08-05,8403972,
desodorante cuidado aloe deliplus,2,2.8,1.4,2021-08-05,8403972,
dentifrico triple accion colgate con fluor,2,2.8,1.4,2021-08-05,8403972,
acondicionador hidratacion intensa tresemme cabello seco o danado,1,4.5,4.5,2021-08-05,8403972,
champu hidratacion intensa tresemme cabello seco o danado,1,4.5,4.5,2021-08-05,8403972,
ajos morados,1,1.45,1.45,2021-08-05,8403972,
cebollas,1,1.6,1.6,2021-08-05,8403972,
yogur liquido desnatado natural hacendado edulcorado,2,2.32,1.16,2021-08-05,8403972,
zumo pura naranja hacendado,2,2.0,1.0,2021-08-05,8403972,
zumo de manzana hacendado,2,1.18,0.59,2021-08-05,8403972,
gelatina + proteinas hacendado sabor a frutos silvestres,2,2.0,1.0,2021-08-05,8403972,
quitagrasas bosque verde perfume marsella,1,1.3,1.3,2021-08-05,8403972,
estropajo suciedad resistente bosque verde,1,0.9,0.9,2021-08-05,8403972,
picos reventaos hacendado,1,0.6,0.6,2021-08-05,8403972,
batido de chocolate hacendado,2,2.1,1.05,2021-08-05,8403972,
snack perro corazones compy,1,1.29,1.29,2021-08-05,8403972,
snack perro barritas compy con ternera y cordero,1,1.2,1.2,2021-08-05,8403972,
mini aritos perro adulto compy,2,7.9,3.95,2021-08-05,8403972,
peeling para labios color care deliplus 07 albaricoque,1,4.0,4.0,2021-08-05,8403972,
pincel mofeta deliplus,1,6.0,6.0,2021-08-05,8403972,
mascarilla facial peeling de guayaba rosa montagne jeunesse,1,1.5,1.5,2021-08-05,8403972,
mascarilla facial de barro con aceite de argan montagne jeunesse,1,1.5,1.5,2021-08-05,8403972,
lavavajillas ultra concentrado bosque verde,1,1.8,1.8,2021-08-05,8403972,
galletas dinosaurus con cereales,2,3.1,1.55,2021-08-05,8403972,
aceite de oliva virgen extra hacendado,1,9.5,9.5,2021-08-05,8403972,
queso rallado hacendado especial fundir,1,1.0,1.0,2021-08-05,8403972,
tomate triturado hacendado,2,1.4,0.7,2021-08-05,8403972,
spaghetti hacendado,1,0.73,0.73,2021-08-05,8403972,
leche condensada entera nutricia,1,1.3,1.3,2021-08-05,8403972,
nata ligera para cocinar hacendado,1,1.32,1.32,2021-08-05,8403972,
queso roquefort cantorel,2,2.9,1.45,2021-08-05,8403972,
fideos orientales yatekomo de pollo gallina blanca,1,2.85,2.85,2021-08-05,8403972,
pechuga de pavo al horno de lena campofrio lonchas,3,4.65,1.55,2021-08-05,8403972,
tacos de bacalao sin espinas hacendado congelado,1,3.98,3.98,2021-08-05,8403972,
zanahorias,1,0.69,0.69,2021-08-05,8403972,
mantequilla con sal hacendado,2,3.3,1.65,2021-08-05,8403972,
queso azul hacendado,2,3.5,1.75,2021-08-05,8403972,
huevos grandes l,1,2.6,2.6,2021-08-05,8403972,
leche evaporada hacendado,2,1.7,0.85,2021-08-05,8403972,
papel higienico doble rollo bosque verde,1,3.82,3.82,2021-08-05,8403972,
zumo de melocoton y uva hacendado,2,1.16,0.58,2021-08-05,8403972,
galletas mini chips ahoy,1,1.45,1.45,2021-08-05,8403972,
cafe en capsula sontuoso l'or espresso,5,17.0,3.4,2021-08-05,8403972,
longaniza de pascua hacendado,1,3.0,3.0,2021-08-05,8403972,
cerveza clasica mahou,1,5.88,5.88,2021-08-05,8403972,
patatas,1,4.99,4.99,2021-08-05,8403972,
toallitas bebe frescas & perfumadas deliplus,1,0.95,0.95,2021-08-05,8403972,
yogur sabores hacendado,3,2.85,0.95,2021-08-05,8403972,
mejillones en escabeche hacendado medianos,2,3.2,1.6,2021-08-05,8403972,
leche desnatada pascual,4,19.2,4.8,2021-08-05,8403972,
alas de pollo partidas,1,2.71,2.71,2021-08-05,8403972,
queso tierno entrepinares lonchas,1,2.15,2.15,2021-08-05,8403972,
chuletas de cordero palo o rinonada congeladas,1,6.39,6.39,2021-08-05,8403972,
solomillo de pavo marinado congelado,1,1.99,1.99,2021-08-05,8403972,
tomate frito hida,1,1.18,1.18,2021-02-18,22016,
salsa fresca de setas hacendado,1,1.2,1.2,2021-02-18,22016,
mozzarella fresca hacendado,1,0.8,0.8,2021-02-18,22016,
bacon ahumado monells lonchas,1,1.89,1.89,2021-02-18,22016,
naranjas,1,3.27,3.27,2021-02-18,22016,
aceite de oliva virgen hacendado,1,2.9,2.9,2021-02-18,22016,
papel higienico doble rollo bosque verde,1,3.82,3.82,2021-02-18,22016,
huevos grandes l,1,0.95,0.95,2021-02-18,22016,
"pan con semillas 4,5% rebanado",1,1.5,1.5,2021-02-18,22016,
leche evaporada hacendado,1,0.85,0.85,2021-02-18,22016,
atun claro en aceite de oliva hacendado,1,3.9,3.9,2021-02-18,22016,
garbanzo cocido hacendado,1,0.54,0.54,2021-02-18,22016,
protegeslip ultrafino deliplus fresh,1,1.2,1.2,2021-02-18,22016,
bifidus desnatado con frutas del bosque hacendado 0% m.g. 0% sin azucares anadidos,1,0.95,0.95,2021-02-18,22016,
jamon serrano reserva cortado a cuchillo,1,3.17,3.17,2021-02-18,22016,
pechugas de pollo enteras,1,3.11,3.11,2021-02-18,22016,
rodajas de rape del cabo sin piel mascato congeladas,1,5.69,5.69,2021-02-18,22016,
cafe en capsula sontuoso l'or espresso,1,3.4,3.4,2021-02-18,22016,
garbanzo pedrosillano hacendado,1,1.99,1.99,2021-02-18,22016,
huevos de gallinas camperas,1,1.95,1.95,2021-02-18,22016,
burger de pollo rural gruesas,1,3.0,3.0,2021-02-18,22016,
bechamel hacendado,1,1.55,1.55,2021-02-18,22016,
placas para canelones del castillo,1,0.58,0.58,2021-02-18,22016,
preparado de carne picada vacuno,1,3.09,3.09,2021-02-18,22016,
cebollas dulces,1,1.99,1.99,2021-02-18,22016,
zanahorias,1,0.53,0.53,2021-02-18,22016,
almeja del pacifico hacendado congelada,1,1.8,1.8,2021-02-18,22016,
bayeta multiusos suave en rollo bosque verde,2,2.0,1.0,2020-10-09,6519926,
aceite de oliva virgen extra hacendado,1,9.5,9.5,2020-10-09,6519926,
recambios maquinilla depilacion gillette venus,1,9.85,9.85,2020-10-09,6519926,
zumo de melocoton y uva hacendado,2,1.16,0.58,2020-10-09,6519926,
galletas mini chips ahoy,1,1.45,1.45,2020-10-09,6519926,
galletas dinosaurus con cereales,1,1.7,1.7,2020-10-09,6519926,
desatascador goma zeppilin,1,1.2,1.2,2020-10-09,6519926,
mascarilla cabello encrespado pantene liso & sedoso,1,4.25,4.25,2020-10-09,6519926,
snack perro tiras sabor bacon compy,1,1.89,1.89,2020-10-09,6519926,
snack perro corazones compy,1,1.29,1.29,2020-10-09,6519926,
"comida perro adulto compy con cordero, ternera, verduras y arroz",1,4.95,4.95,2020-10-09,6519926,
queso azul hojas de vaca,1,2.6,2.6,2022-03-25,11614628,
queso viejo tostado mezcla hacendado,1,4.49,4.49,2022-03-25,11614628,
refresco coca-cola,1,6.96,6.96,2020-10-20,6858326,
cafe en capsula sontuoso l'or espresso,3,10.2,3.4,2020-10-20,6858326,
filetes de merluza del cabo sin piel hacendado ultracongelados,1,3.85,3.85,2020-10-20,6858326,
longaniza de pascua hacendado,1,3.0,3.0,2020-10-20,6858326,
cerveza clasica mahou,1,6.72,6.72,2020-10-20,6858326,
vino tinto d.o. utiel-requena bobal vinedo antiguo torre oria,1,2.9,2.9,2020-10-20,6858326,
patatas,1,4.79,4.79,2020-10-20,6858326,
toallitas bebe frescas & perfumadas deliplus,1,0.95,0.95,2020-10-20,6858326,
yogur sabores hacendado,2,2.1,1.05,2020-10-20,6858326,
mejillones en escabeche hacendado medianos,2,3.0,1.5,2020-10-20,6858326,
judia verde plana,1,2.49,2.49,2020-10-20,6858326,
dentifrico triple accion colgate con fluor,2,3.5,1.75,2020-10-20,6858326,
leche desnatada pascual,3,16.02,5.34,2020-10-20,6858326,
cadera de vacuno anojo,1,4.64,4.64,2020-10-20,6858326,
alas de pollo partidas,1,2.79,2.79,2020-10-20,6858326,
filete de vacuno anojo para empanar,1,5.53,5.53,2020-10-20,6858326,
pechugas de pollo finas hierbas marinadas,1,4.02,4.02,2020-10-20,6858326,
lomo de cerdo iberico adobado,1,5.32,5.32,2020-10-20,6858326,
pescadilla de merluza del cabo sin cabeza mascato ultracongelada,1,3.95,3.95,2022-02-22,11422261,
lenguado entero hacendado ultracongelado,1,6.1,6.1,2022-02-22,11422261,
angurinas de surimi pescanova ultracongeladas,1,3.85,3.85,2022-02-22,11422261,
filetes de merluza del cabo sin piel hacendado ultracongelados,1,3.85,3.85,2022-02-22,11422261,
espinacas en porciones hacendado ultracongelada,1,1.2,1.2,2022-02-22,11422261,
guisante fino hacendado ultracongelado,1,1.2,1.2,2022-02-22,11422261,
cerveza clasica mahou,1,6.24,6.24,2022-02-22,11422261,
refresco coca-cola,1,8.4,8.4,2022-02-22,11422261,
panales bebe talla 5 de 13-18 kg deliplus,1,15.0,15.0,2022-02-22,11422261,
arroz cocido basmati sabroz,2,2.1,1.05,2022-02-22,11422261,
mini aritos perro adulto compy,1,4.0,4.0,2022-02-22,11422261,
lomo de bacalao sin espinas hacendado congelado,2,11.9,5.95,2022-02-22,11422261,
alas de pollo congeladas,1,3.0,3.0,2022-02-22,11422261,
cereales choco flakes cuetara,1,2.6,2.6,2022-02-22,11422261,
toallitas desmaquillantes cara y ojos deliplus piel normal-mixta,1,1.15,1.15,2022-02-22,11422261,
ensalada mezcla brotes tiernos,1,0.99,0.99,2022-02-22,11422261,
detergente lavado a mano bosque verde liquido,1,2.1,2.1,2022-02-22,11422261,
nata ligera para cocinar hacendado,1,1.4,1.4,2022-02-22,11422261,
"aceite de girasol refinado 0,2o hacendado",1,7.7,7.7,2022-02-22,11422261,
filetes lomo al ajillo,1,3.49,3.49,2022-02-22,11422261,
tomates kumato,1,1.77,1.77,2022-02-22,11422261,
yogur natural azucarado nutricia,1,1.4,1.4,2020-06-18,5857032,
bifidus desnatado hacendado frutas del bosque,1,0.95,0.95,2020-06-18,5857032,
porciones de bacalao sin espinas y sin piel hacendado congelado,1,5.98,5.98,2020-06-18,5857032,
filetes de bacalao sin espinas hacendado congelado,2,8.5,4.25,2020-06-18,5857032,
filetes de merluza del cabo sin piel hacendado ultracongelados,1,3.85,3.85,2020-06-18,5857032,
tronquitos de surimi pescanova ultracongelados,1,3.85,3.85,2020-06-18,5857032,
lavavajillas clasico bosque verde en pastillas,1,3.15,3.15,2020-06-18,5857032,
lavavajillas aloe bosque verde concentrado,1,1.55,1.55,2020-06-18,5857032,
dentifrico triple accion colgate con fluor,2,3.5,1.75,2020-06-18,5857032,
mascarilla sin aclarado bucle perfect deliplus cabello rizado,1,4.05,4.05,2020-06-18,5857032,
tomate triturado hacendado,2,1.52,0.76,2020-06-18,5857032,
maiz dulce hacendado,2,2.38,1.19,2020-06-18,5857032,
mejillones en escabeche hacendado medianos,2,3.0,1.5,2020-06-18,5857032,
berberechos al natural m hacendado,2,5.8,2.9,2020-06-18,5857032,
atun claro en aceite de oliva hacendado,1,3.35,3.35,2020-06-18,5857032,
queso untar blanco pasteurizado philadelphia,1,2.1,2.1,2020-06-18,5857032,
panales bebe talla 4 de 9-15 kg deliplus,1,15.0,15.0,2020-06-18,5857032,
queso gouda viejo hacendado,1,3.0,3.0,2020-06-18,5857032,
toallitas bebe frescas & perfumadas deliplus,1,0.95,0.95,2020-06-18,5857032,
longaniza de pascua hacendado,1,3.0,3.0,2020-06-18,5857032,
cereales de trigo inflado con miel hacendado,1,1.35,1.35,2020-06-18,5857032,
cuartos traseros de pollo congelados,1,3.9,3.9,2020-06-18,5857032,
pizza reina hacendado con crema de queso fresco,1,1.89,1.89,2020-06-30,911112,
pizza mozzarella y pesto hacendado ultracongelada,1,2.0,2.0,2020-06-30,911112,
yogur cremoso con frutas del bosque hacendado 0% materia grasa 0% sin azucares anadidos,1,1.0,1.0,2020-06-30,911112,
zumo pura naranja hacendado,2,2.0,1.0,2020-06-30,911112,
bebida de avena alitey,1,6.9,6.9,2020-06-30,911112,
leche semidesnatada hacendado,1,3.48,3.48,2020-06-30,911112,
huevos grandes l,1,1.45,1.45,2020-06-30,911112,
mayonesa hacendado,1,1.5,1.5,2022-12-12,13266605,
nata ligera para cocinar hacendado,1,1.75,1.75,2022-12-12,13266605,
preparado de carne picada vacuno,1,3.74,3.74,2022-12-12,13266605,
cerveza clasica mahou,2,9.6,4.8,2022-12-12,13266605,
refresco coca-cola zero azucar,1,8.64,8.64,2022-12-12,13266605,
atun claro en aceite de oliva hacendado,1,4.8,4.8,2022-12-12,13266605,
barritas de barquillo huesitos banadas de chocolate con leche,1,2.0,2.0,2022-12-12,13266605,
toallitas desmaquillantes cara y ojos deliplus piel normal-mixta,1,1.15,1.15,2022-12-12,13266605,
champu volumen deliplus cabello fino y sin volumen,1,1.7,1.7,2022-12-12,13266605,
banderillas gildas hacendado pinchos de anchoa,2,5.0,2.5,2022-12-12,13266605,
desodorante roll-on hombre invisible deliplus antimanchas,1,0.75,0.75,2022-12-12,13266605,
desodorante cuidado aloe deliplus,2,2.8,1.4,2022-12-12,13266605,
crema facial dragon's blood anti ox deliplus,1,5.0,5.0,2022-12-12,13266605,
nuggets de pollo hacendado ultracongelados,1,2.7,2.7,2022-12-12,13266605,
caramelos blandos hacendado,1,1.2,1.2,2022-12-12,13266605,
fideos orientales yatekomo sabor pollo gallina blanca,1,3.45,3.45,2022-12-12,13266605,
empanadillas de atun hacendado ultracongeladas,1,1.8,1.8,2022-12-12,13266605,
tomate frito hacendado,1,1.1,1.1,2022-12-12,13266605,
guisante fino hacendado ultracongelado,1,1.45,1.45,2022-12-12,13266605,
garbanzo pedrosillano hacendado,1,2.0,2.0,2022-12-12,13266605,
toallitas bebe frescas & perfumadas deliplus,1,1.05,1.05,2022-12-12,13266605,
galletas cookies hacendado,2,1.7,0.85,2022-12-12,13266605,
zumo de melocoton y uva hacendado,2,3.2,1.6,2022-12-12,13266605,
agua mineral con gas grande aguadoy,4,1.24,0.31,2022-12-12,13266605,
alas de pollo congeladas,1,3.75,3.75,2022-12-12,13266605,
lenteja pardina hacendado,1,1.6,1.6,2022-12-12,13266605,
gallos sin cabeza hacendado ultracongelado,2,12.5,6.25,2022-12-12,13266605,
cebollas,1,1.55,1.55,2022-12-12,13266605,
yogur sabores hacendado,1,2.35,2.35,2022-12-12,13266605,
tomate triturado hacendado,2,1.9,0.95,2022-12-12,13266605,
mantequilla con sal hacendado,1,2.15,2.15,2022-12-12,13266605,
lomo de bacalao sin espinas hacendado congelado,2,12.7,6.35,2022-12-12,13266605,
huevos grandes l,1,4.25,4.25,2022-12-12,13266605,
zanahorias,1,0.85,0.85,2022-12-12,13266605,
papel higienico doble rollo bosque verde,2,10.0,5.0,2022-12-12,13266605,
leche desnatada pascual,5,35.7,7.140000000000001,2022-12-12,13266605,
patatas,1,5.49,5.49,2022-12-12,13266605,
solomillo de pavo marinado congelado,1,3.52,3.52,2022-12-12,13266605,
salmon ahumado hacendado,1,2.99,2.99,2022-12-12,13266605,
queso viejo tostado mezcla hacendado,1,5.06,5.06,2022-12-12,13266605,
galletas cookies hacendado,1,0.75,0.75,2022-07-10,12804912,
galletas dinosaurus con cereales,1,2.85,2.85,2022-07-10,12804912,
zumo de melocoton y uva hacendado,2,2.6,1.3,2022-07-10,12804912,
pina en su jugo hacendado rodajas,1,1.8,1.8,2022-07-10,12804912,
agua mineral con gas grande aguadoy,2,0.62,0.31,2022-07-10,12804912,
toallitas bebe frescas & perfumadas deliplus,1,1.05,1.05,2022-07-10,12804912,
quitagrasas bosque verde perfume marsella,1,1.3,1.3,2022-07-10,12804912,
toallitas lavadora bosque verde accion 2 en 1,1,1.95,1.95,2022-07-10,12804912,
estropajo suciedad resistente bosque verde,1,0.85,0.85,2022-07-10,12804912,
bolsas congelacion medianas bosque verde,1,0.8,0.8,2022-07-10,12804912,
espinacas en porciones hacendado ultracongelada,1,1.25,1.25,2022-07-10,12804912,
guisante fino hacendado ultracongelado,1,1.45,1.45,2022-07-10,12804912,
alas de pollo congeladas,1,3.6,3.6,2022-07-10,12804912,
lenteja pardina hacendado,1,1.6,1.6,2022-07-10,12804912,
"aceite de girasol refinado 0,2o hacendado",1,11.75,11.75,2022-07-10,12804912,
aceite de oliva virgen extra hacendado,1,12.7,12.7,2022-07-10,12804912,
pasta estrellas hacendado,1,0.78,0.78,2022-07-10,12804912,
ajos morados,1,1.45,1.45,2022-07-10,12804912,
spaghetti hacendado,1,1.2,1.2,2022-07-10,12804912,
gallos sin cabeza hacendado ultracongelado,2,12.5,6.25,2022-07-10,12804912,
barritas de barquillo huesitos banadas de chocolate con leche,1,2.0,2.0,2022-07-10,12804912,
toallitas desmaquillantes cara y ojos deliplus piel normal-mixta,1,1.15,1.15,2022-07-10,12804912,
champu volumen deliplus cabello fino y sin volumen,1,1.7,1.7,2022-07-10,12804912,
mascarilla liss frizz control deliplus cabello rebelde,1,2.0,2.0,2022-07-10,12804912,
banderillas gildas hacendado pinchos de anchoa,1,2.25,2.25,2022-07-10,12804912,
aceitunas manzanilla rellenas de anchoa hacendado,1,2.25,2.25,2022-07-10,12804912,
mascara de pestanas y cejas transparente deliplus,1,3.0,3.0,2022-07-10,12804912,
desodorante roll-on hombre invisible deliplus antimanchas,1,0.75,0.75,2022-07-10,12804912,
desodorante cuidado aloe deliplus,1,1.4,1.4,2022-07-10,12804912,
cebollas,1,1.35,1.35,2022-07-10,12804912,
queso viejo tostado mezcla hacendado,1,4.9,4.9,2022-07-10,12804912,
melocoton amarillo,4,2.17,0.5425,2020-09-18,238052,
platano,6,1.8,0.3,2020-09-18,238052,
garbanzo cocido hacendado,1,0.7,0.7,2020-09-18,238052,
filetes de merluza del cabo sin piel hacendado ultracongelados,1,3.85,3.85,2020-09-18,238052,
huevos de gallinas camperas,1,1.95,1.95,2020-09-18,238052,
zumo pura naranja hacendado,2,2.0,1.0,2020-09-18,238052,
salmon ahumado ubago,1,2.84,2.84,2020-09-18,238052,
bolsa de basura extra bosque verde 30l cubo mediano,1,1.35,1.35,2020-09-18,238052,
desmaquillador de ojos y labios bifasico deliplus todo tipo de pieles,1,2.15,2.15,2020-09-18,238052,
pan redondo 5 semillas,1,1.45,1.45,2020-09-18,238052,
leche semidesnatada hacendado,3,1.74,0.58,2020-09-18,238052,
leche evaporada hacendado,1,0.85,0.85,2020-09-18,238052,
bifidus desnatado hacendado frutas del bosque,1,0.95,0.95,2020-09-18,238052,
espinacas en porciones hacendado ultracongelada,1,1.19,1.19,2021-09-02,7475015,
fideos orientales yatekomo de pollo gallina blanca,1,2.85,2.85,2021-09-02,7475015,
lavavajillas classic finish en pastillas,1,2.95,2.95,2021-09-02,7475015,
lavavajillas ultra concentrado bosque verde,1,1.8,1.8,2021-09-02,7475015,
mini aritos perro adulto compy,1,3.95,3.95,2021-09-02,7475015,
preparado de carne picada cerdo,1,2.49,2.49,2021-09-02,7475015,
preparado de carne picada vacuno,1,3.09,3.09,2021-09-02,7475015,
gamba pelada cruda tamano mediano hacendado ultracongelada,1,4.5,4.5,2021-09-02,7475015,
pechuga de pavo al horno de lena campofrio lonchas,4,6.2,1.55,2021-09-02,7475015,
bandas de cera especial cara y pequenas zonas deliplus piel sensible,1,1.2,1.2,2021-09-02,7475015,
cerveza clasica mahou,1,5.88,5.88,2021-09-02,7475015,
patatas,1,4.79,4.79,2021-09-02,7475015,
toallitas bebe frescas & perfumadas deliplus,1,0.95,0.95,2021-09-02,7475015,
yogur sabores hacendado,2,2.0,1.0,2021-09-02,7475015,
mejillones en escabeche hacendado medianos,2,3.0,1.5,2021-09-02,7475015,
judia verde plana,1,2.25,2.25,2021-09-02,7475015,
leche desnatada pascual,4,19.2,4.8,2021-09-02,7475015,
pechugas de pollo finas hierbas marinadas,1,3.53,3.53,2021-09-02,7475015,
cadera de vacuno anojo,1,5.0,5.0,2021-09-02,7475015,
queso tierno entrepinares lonchas,1,1.9,1.9,2021-09-02,7475015,
solomillo de pavo marinado congelado,1,1.96,1.96,2021-09-02,7475015,
dentifrico triple accion colgate con fluor,2,2.8,1.4,2021-11-11,10404138,
mini empanadillas de atun hacendado ultracongeladas,1,1.6,1.6,2021-11-11,10404138,
queso bola edam tierno holland corona,1,2.9,2.9,2021-11-11,10404138,
spaghetti hacendado,1,0.9,0.9,2021-11-11,10404138,
macarron hacendado,1,0.9,0.9,2021-11-11,10404138,
renovador suelos bosque verde,1,2.5,2.5,2021-11-11,10404138,
guisante fino hacendado ultracongelado,1,1.1,1.1,2021-11-11,10404138,
mini aritos perro adulto compy,1,3.95,3.95,2021-11-11,10404138,
snack perro barritas compy con salmon y pollo,1,1.2,1.2,2021-11-11,10404138,
snack perro corazones compy,1,1.29,1.29,2021-11-11,10404138,
fideos orientales yatekomo de pollo gallina blanca,1,2.85,2.85,2021-11-11,10404138,
refresco coca-cola,1,8.76,8.76,2021-11-11,10404138,
zumo pura naranja hacendado,2,2.0,1.0,2021-11-11,10404138,
cebollas,2,2.38,1.19,2021-11-11,10404138,
zumo de manzana hacendado,2,1.18,0.59,2021-11-11,10404138,
leche desnatada pascual,4,22.56,5.64,2021-11-11,10404138,
zanahorias,1,0.65,0.65,2021-11-11,10404138,
papel higienico doble rollo bosque verde,1,3.95,3.95,2021-11-11,10404138,
cerveza clasica mahou,1,5.88,5.88,2021-11-11,10404138,
toallitas bebe frescas & perfumadas deliplus,1,0.95,0.95,2021-11-11,10404138,
cafe en capsula sontuoso l'or espresso,5,18.75,3.75,2021-11-11,10404138,
huevos grandes l,2,5.9,2.95,2021-11-11,10404138,
pollo entero cuartos horno,1,4.95,4.95,2021-11-11,10404138,
medallones solomillo de pavo,1,3.52,3.52,2021-11-11,10404138,
medallones preparado de solomillo cerdo provenzal,1,3.45,3.45,2021-11-11,10404138,
chuletas cordero de lechal congeladas,1,9.4,9.4,2021-11-11,10404138,
solomillo de pavo marinado congelado,1,2.4,2.4,2021-11-11,10404138,
bebida de avena alitey,1,6.9,6.9,2020-11-07,959862,
sardinillas en aceite de oliva hacendado,1,1.25,1.25,2020-11-07,959862,
mejillones al natural hacendado pequenos,1,1.0,1.0,2020-11-07,959862,
panuelos de papel extra suaves bosque verde,1,0.8,0.8,2020-11-07,959862,
papel higienico doble rollo bosque verde,1,3.82,3.82,2020-11-07,959862,
desodorante stick hombre ice blue williams,2,4.0,2.0,2020-11-07,959862,
corazones de alcachofa hacendado,1,2.3,2.3,2020-11-07,959862,
garbanzo cocido hacendado,1,0.7,0.7,2020-11-07,959862,
filetes de merluza del cabo sin piel hacendado ultracongelados,1,3.85,3.85,2020-11-07,959862,
huevos de gallinas camperas,1,1.95,1.95,2020-11-07,959862,
preparado de carne picada vacuno y cerdo,1,5.3,5.3,2020-11-07,959862,
tomate frito hida,2,2.36,1.18,2020-11-07,959862,
atun claro en aceite de oliva hacendado,1,3.99,3.99,2020-11-07,959862,
yogur sabores hacendado 0% materia grasa 0% sin azucares anadidos,1,1.65,1.65,2020-11-07,959862,
queso fresco burgo de arias,1,2.19,2.19,2020-11-07,959862,
queso gouda tierno holland,1,2.6,2.6,2020-11-07,959862,
lomo de pavo hacendado lonchas,1,1.89,1.89,2020-11-07,959862,
zumo pura naranja hacendado,2,2.0,1.0,2020-11-07,959862,
leche entera pascual,1,5.64,5.64,2021-12-16,10822769,
leche desnatada pascual,4,22.56,5.64,2021-12-16,10822769,
mantequilla con sal hacendado,1,1.65,1.65,2021-12-16,10822769,
cafe en capsula colombia l'or espresso,1,3.75,3.75,2021-12-16,10822769,
cafe en capsula sontuoso l'or espresso,1,3.75,3.75,2021-12-16,10822769,
cafe en capsula colombia hacendado,1,3.45,3.45,2021-12-16,10822769,
zumo de pina y uva hacendado,2,1.16,0.58,2021-12-16,10822769,
zumo de naranja recien exprimido hacendado,1,3.59,3.59,2021-12-16,10822769,
gelatina + proteinas sabor a frutos silvestres hacendado 0% m.g 6 g proteinas,1,1.05,1.05,2021-12-16,10822769,
ajos morados,1,1.45,1.45,2021-12-16,10822769,
patatas,2,9.58,4.79,2021-12-16,10822769,
cebolla caramelizada hacendado,1,1.4,1.4,2021-12-16,10822769,
cebollas nuevas,1,1.7,1.7,2021-12-16,10822769,
cacao soluble colacao original,1,14.95,14.95,2021-12-16,10822769,
"aceite de girasol refinado 0,2o hacendado",1,6.95,6.95,2021-12-16,10822769,
aceite de oliva virgen extra hacendado,1,11.0,11.0,2021-12-16,10822769,
queso azul hojas de vaca,1,2.51,2.51,2021-12-16,10822769,
queso viejo tostado mezcla hacendado,1,4.23,4.23,2021-12-16,10822769,
rodaja de emperador hacendado ultracongelado,1,3.62,3.62,2021-12-16,10822769,
pasta estrellas hacendado,1,0.7,0.7,2022-02-22,11422261,
huevos grandes l,2,5.9,2.95,2022-02-22,11422261,
garbanzo cocido hacendado,1,0.8,0.8,2022-02-22,11422261,
zanahorias,2,1.3,0.65,2022-02-22,11422261,
atun claro en aceite de oliva hacendado,1,4.3,4.3,2022-02-22,11422261,
preparado de carne picada vacuno y cerdo,2,6.74,3.37,2022-02-22,11422261,
yogur sabores hacendado,1,1.85,1.85,2022-02-22,11422261,
papel higienico doble rollo bosque verde,1,4.3,4.3,2022-02-22,11422261,
leche desnatada pascual,5,29.7,5.94,2022-02-22,11422261,
mantequilla con sal hacendado,2,3.9,1.95,2022-02-22,11422261,
zumo de pina y uva hacendado,2,1.4,0.7,2022-02-22,11422261,
zumo de naranja recien exprimido hacendado,1,3.59,3.59,2022-02-22,11422261,
gelatina + proteinas sabor a frutos silvestres hacendado 0% m.g 6 g proteinas,1,1.05,1.05,2022-02-22,11422261,
ajos morados,1,1.45,1.45,2022-02-22,11422261,
patatas,2,9.58,4.79,2022-02-22,11422261,
cebollas nuevas,2,3.4,1.7,2022-02-22,11422261,
queso azul hojas de vaca,1,2.93,2.93,2022-02-22,11422261,
queso viejo tostado mezcla hacendado,1,4.34,4.34,2022-02-22,11422261,
yogur sabores hacendado,1,2.15,2.15,2022-07-10,12804912,
tomate triturado hacendado,2,2.0,1.0,2022-07-10,12804912,
pizza masa fina 4 quesos hacendado ultracongelada,1,2.25,2.25,2022-07-10,12804912,
galletas choco flakes cuetara,1,2.85,2.85,2022-07-10,12804912,
mini aritos perro adulto y senior compy,1,4.0,4.0,2022-07-10,12804912,
mantequilla con sal hacendado,1,1.95,1.95,2022-07-10,12804912,
lomo de bacalao sin espinas hacendado congelado,2,11.9,5.95,2022-07-10,12804912,
huevos grandes l,1,3.95,3.95,2022-07-10,12804912,
zanahorias,1,0.75,0.75,2022-07-10,12804912,
papel higienico doble rollo bosque verde,1,4.75,4.75,2022-07-10,12804912,
leche desnatada pascual,5,32.7,6.540000000000001,2022-07-10,12804912,
patatas,1,5.49,5.49,2022-07-10,12804912,
queso azul hojas de vaca,1,1.91,1.91,2022-07-10,12804912,
salmon ahumado hacendado,1,2.93,2.93,2022-07-10,12804912,
